cell_line	kclb_number	sample_type	sample_alias	fastq_run	fastq_sample_accession	read_count	instrument_model	library_name	bam_run	bam_sample_accession
SNU-3978	03978	tumor	KCLB18MES0281	SRR22272553	SAMN31563409	68343813	Illumina HiSeq 2500	LID_1	SRR22269393	SAMN31703547
SNU-3978	03978	blood	KCLB18MES0282	SRR22272521	SAMN31563411	33977317	Illumina HiSeq 2500	LID_3	SRR22269392	SAMN31703548
SNU-3978	03978	cell_line	KCLB18MES0283	SRR22272510	SAMN31563413	35228049	Illumina HiSeq 2500	LID_5	SRR22269381	SAMN31703549
SNU-3980	03980	tumor	KCLB18MES0284	SRR22272499	SAMN31563415	70928116	Illumina HiSeq 2500	LID_7	SRR22269370	SAMN31703550
SNU-3980	03980	blood	KCLB18MES0285	SRR22272487	SAMN31563417	30426083	Illumina HiSeq 2500	LID_9	SRR22269359	SAMN31703551
SNU-3980	03980	cell_line	KCLB18MES0286	SRR22272552	SAMN31563419	33796602	Illumina HiSeq 2500	LID_11	SRR22269348	SAMN31703552
SNU-3987	03987	tumor	KCLB18MES0287	SRR22272538	SAMN31563421	77028217	Illumina HiSeq 2500	LID_13	SRR22269337	SAMN31703553
SNU-3987	03987	blood	KCLB18MES0288	SRR22272532	SAMN31563423	32165018	Illumina HiSeq 2500	LID_15	SRR22269326	SAMN31703554
SNU-3987	03987	cell_line	KCLB18MES0289	SRR22272512	SAMN31563425	29704062	Illumina HiSeq 2500	LID_17	SRR22269317	SAMN31703555
SNU-4026	04026	tumor	KCLB18MES0290	SRR22272511	SAMN31563427	72371852	Illumina HiSeq 2500	LID_19	SRR22269316	SAMN31703556
SNU-4026	04026	blood	KCLB18MES0291	SRR22272520	SAMN31563429	30919035	Illumina HiSeq 2500	LID_21	SRR22269391	SAMN31703557
SNU-4026	04026	cell_line	KCLB18MES0292	SRR22272519	SAMN31563431	36575146	Illumina HiSeq 2500	LID_23	SRR22269390	SAMN31703558
SNU-4054	04054	tumor	KCLB18MES0293	SRR22272518	SAMN31563433	76169625	Illumina HiSeq 2500	LID_25	SRR22269389	SAMN31703559
SNU-4054	04054	blood	KCLB18MES0294	SRR22272517	SAMN31563435	32930587	Illumina HiSeq 2500	LID_27	SRR22269388	SAMN31703560
SNU-4054	04054	cell_line	KCLB18MES0295	SRR22272516	SAMN31563437	31396505	Illumina HiSeq 2500	LID_29	SRR22269387	SAMN31703561
SNU-4071	04071	tumor	KCLB18MES0296	SRR22272515	SAMN31563439	67195420	Illumina HiSeq 2500	LID_31	SRR22269386	SAMN31703562
SNU-4071	04071	blood	KCLB18MES0297	SRR22272514	SAMN31563441	35615988	Illumina HiSeq 2500	LID_33	SRR22269385	SAMN31703563
SNU-4071	04071	cell_line	KCLB18MES0298	SRR22272513	SAMN31563443	36109270	Illumina HiSeq 2500	LID_35	SRR22269384	SAMN31703564
SNU-4072	04072	tumor	KCLB18MES0299	SRR22272502	SAMN31563445	65522278	Illumina HiSeq 2500	LID_37	SRR22269383	SAMN31703565
SNU-4072	04072	blood	KCLB18MES0300	SRR22272501	SAMN31563447	33249627	Illumina HiSeq 2500	LID_39	SRR22269382	SAMN31703566
SNU-4072	04072	cell_line	KCLB18MES0301	SRR22272509	SAMN31563449	34197470	Illumina HiSeq 2500	LID_41	SRR22269380	SAMN31703567
SNU-4098	04098	tumor	KCLB18MES0302	SRR22272508	SAMN31563451	80280235	Illumina HiSeq 2500	LID_43	SRR22269379	SAMN31703568
SNU-4098	04098	blood	KCLB18MES0303	SRR22272507	SAMN31563453	39668447	Illumina HiSeq 2500	LID_45	SRR22269378	SAMN31703569
SNU-4098	04098	cell_line	KCLB18MES0304	SRR22272506	SAMN31563455	46501514	Illumina HiSeq 2500	LID_47	SRR22269377	SAMN31703570
SNU-4116	04116	tumor	KCLB18MES0305	SRR22272505	SAMN31563457	72162573	Illumina HiSeq 2500	LID_49	SRR22269376	SAMN31703571
SNU-4116	04116	blood	KCLB18MES0306	SRR22272504	SAMN31563459	33395338	Illumina HiSeq 2500	LID_51	SRR22269375	SAMN31703572
SNU-4116	04116	cell_line	KCLB18MES0307	SRR22272503	SAMN31563461	46138086	Illumina HiSeq 2500	LID_53	SRR22269374	SAMN31703573
SNU-4137	04137	tumor	KCLB18MES0362	SRR22272491	SAMN31563463	69853429	Illumina HiSeq 2500	LID_55	SRR22269373	SAMN31703574
SNU-4137	04137	blood	KCLB18MES0363	SRR22272490	SAMN31563465	33780720	Illumina HiSeq 2500	LID_57	SRR22269372	SAMN31703575
SNU-4137	04137	cell_line	KCLB18MES0364	SRR22272489	SAMN31563467	37794342	Illumina HiSeq 2500	LID_59	SRR22269371	SAMN31703576
SNU-4138	04138	tumor	KCLB18MES0365	SRR22272498	SAMN31563469	82613260	Illumina HiSeq 2500	LID_61	SRR22269369	SAMN31703577
SNU-4138	04138	blood	KCLB18MES0366	SRR22272497	SAMN31563471	37291070	Illumina HiSeq 2500	LID_63	SRR22269368	SAMN31703578
SNU-4138	04138	cell_line	KCLB18MES0367	SRR22272496	SAMN31563473	30226921	Illumina HiSeq 2500	LID_65	SRR22269367	SAMN31703579
SNU-4177	04177	tumor	KCLB18MES0368	SRR22272495	SAMN31563475	65239235	Illumina HiSeq 2500	LID_67	SRR22269366	SAMN31703580
SNU-4177	04177	blood	KCLB18MES0369	SRR22272494	SAMN31563477	37982812	Illumina HiSeq 2500	LID_69	SRR22269365	SAMN31703581
SNU-4177	04177	cell_line	KCLB18MES0370	SRR22272493	SAMN31563479	34224972	Illumina HiSeq 2500	LID_71	SRR22269364	SAMN31703582
SNU-4210	04210	tumor	KCLB18MES0371	SRR22272492	SAMN31563481	64620751	Illumina HiSeq 2500	LID_73	SRR22269363	SAMN31703583
SNU-4210	04210	blood	KCLB18MES0372	SRR22272479	SAMN31563483	30539303	Illumina HiSeq 2500	LID_75	SRR22269362	SAMN31703584
SNU-4210	04210	cell_line	KCLB18MES0373	SRR22272477	SAMN31563485	38414093	Illumina HiSeq 2500	LID_77	SRR22269361	SAMN31703585
SNU-4254	04254	tumor	KCLB18MES0374	SRR22272500	SAMN31563487	86730689	Illumina HiSeq 2500	LID_79	SRR22269360	SAMN31703586
SNU-4254	04254	blood	KCLB18MES0375	SRR22272486	SAMN31563489	37205565	Illumina HiSeq 2500	LID_81	SRR22269358	SAMN31703587
SNU-4254	04254	cell_line	KCLB18MES0376	SRR22272485	SAMN31563491	29760938	Illumina HiSeq 2500	LID_83	SRR22269357	SAMN31703588
SNU-4312	04312	tumor	KCLB18MES0377	SRR22272484	SAMN31563493	69902921	Illumina HiSeq 2500	LID_85	SRR22269356	SAMN31703589
SNU-4312	04312	blood	KCLB18MES0378	SRR22272482	SAMN31563495	32809310	Illumina HiSeq 2500	LID_87	SRR22269355	SAMN31703590
SNU-4312	04312	cell_line	KCLB18MES0379	SRR22272483	SAMN31563497	36300605	Illumina HiSeq 2500	LID_89	SRR22269354	SAMN31703591
SNU-4327	04327	tumor	KCLB18MES0380	SRR22272481	SAMN31563499	70095306	Illumina HiSeq 2500	LID_91	SRR22269353	SAMN31703592
SNU-4327	04327	blood	KCLB18MES0381	SRR22272480	SAMN31563501	31411186	Illumina HiSeq 2500	LID_93	SRR22269352	SAMN31703593
SNU-4327	04327	cell_line	KCLB18MES0382	SRR22272476	SAMN31563503	32500990	Illumina HiSeq 2500	LID_95	SRR22269351	SAMN31703594
SNU-4484	04484	tumor	KCLB19MES0565	SRR22272478	SAMN31563505	149359564	Illumina HiSeq 2500	LID_97	SRR22269350	SAMN31703595
SNU-4484	04484	blood	KCLB19MES0566	SRR22272488	SAMN31563507	91505390	Illumina HiSeq 2500	LID_99	SRR22269349	SAMN31703596
SNU-4484	04484	cell_line	KCLB19MES0567	SRR22272551	SAMN31563509	87728469	Illumina HiSeq 2500	LID_101	SRR22269347	SAMN31703597
SNU-4514	04514	tumor	KCLB19MES0568	SRR22272550	SAMN31563511	80887010	Illumina HiSeq 2500	LID_103	SRR22269346	SAMN31703598
SNU-4514	04514	blood	KCLB19MES0570	SRR22272548	SAMN31563513	89338849	Illumina HiSeq 2500	LID_105	SRR22269345	SAMN31703599
SNU-4514	04514	cell_line	KCLB19MES0571	SRR22272549	SAMN31563515	95293024	Illumina HiSeq 2500	LID_107	SRR22269344	SAMN31703600
SNU-4546	04546	tumor	KCLB19MES0573	SRR22272545	SAMN31563517	115432337	Illumina HiSeq 2500	LID_109	SRR22269343	SAMN31703601
SNU-4546	04546	blood	KCLB19MES0574	SRR22272546	SAMN31563519	93521394	Illumina HiSeq 2500	LID_111	SRR22269342	SAMN31703602
SNU-4546	04546	cell_line	KCLB19MES0575	SRR22272543	SAMN31563521	110746998	Illumina HiSeq 2500	LID_113	SRR22269341	SAMN31703603
SNU-4638	04638	tumor	KCLB19MES0576	SRR22272547	SAMN31563523	86499730	Illumina HiSeq 2500	LID_115	SRR22269340	SAMN31703604
SNU-4638	04638	blood	KCLB19MES0577	SRR22272536	SAMN31563525	61521318	Illumina HiSeq 2500	LID_117	SRR22269339	SAMN31703605
SNU-4638	04638	cell_line	KCLB19MES0578	SRR22272537	SAMN31563527	50250593	Illumina HiSeq 2500	LID_119	SRR22269338	SAMN31703606
SNU-4689	04689	tumor	KCLB19MES0579	SRR22272539	SAMN31563529	64383438	Illumina HiSeq 2500	LID_121	SRR22269336	SAMN31703607
SNU-4689	04689	blood	KCLB19MES0580	SRR22272540	SAMN31563531	52048317	Illumina HiSeq 2500	LID_123	SRR22269335	SAMN31703608
SNU-4689	04689	cell_line	KCLB19MES0582	SRR22272541	SAMN31563533	53070622	Illumina HiSeq 2500	LID_125	SRR22269334	SAMN31703609
SNU-4702	04702	tumor	KCLB19MES0583	SRR22272542	SAMN31563535	49229459	Illumina HiSeq 2500	LID_127	SRR22269333	SAMN31703610
SNU-4702	04702	blood	KCLB19MES0585	SRR22272544	SAMN31563537	59319948	Illumina HiSeq 2500	LID_129	SRR22269332	SAMN31703611
SNU-4702	04702	cell_line	KCLB19MES0586	SRR22272535	SAMN31563539	50677285	Illumina HiSeq 2500	LID_131	SRR22269331	SAMN31703612
SNU-4954	04954	tumor	KCLB19MES0587	SRR22272534	SAMN31563541	50586810	Illumina HiSeq 2500	LID_133	SRR22269330	SAMN31703613
SNU-4954	04954	blood	KCLB19MES0588	SRR22272533	SAMN31563543	52679584	Illumina HiSeq 2500	LID_135	SRR22269329	SAMN31703614
SNU-4954	04954	cell_line	KCLB19MES0589	SRR22272523	SAMN31563545	48704546	Illumina HiSeq 2500	LID_137	SRR22269328	SAMN31703615
SNU-4982	04982	tumor	KCLB19MES0590	SRR22272522	SAMN31563547	50121898	Illumina HiSeq 2500	LID_139	SRR22269327	SAMN31703616
SNU-4982	04982	blood	KCLB19MES0591	SRR22272531	SAMN31563549	54507267	Illumina HiSeq 2500	LID_141	SRR22269325	SAMN31703617
SNU-4982	04982	cell_line	KCLB19MES0592	SRR22272530	SAMN31563551	49562338	Illumina HiSeq 2500	LID_143	SRR22269324	SAMN31703618
SNU-5026	05026	tumor	KCLB19MES0593	SRR22272529	SAMN31563553	41517176	Illumina HiSeq 2500	LID_145	SRR22269323	SAMN31703619
SNU-5026	05026	blood	KCLB19MES0594	SRR22272528	SAMN31563555	40702041	Illumina HiSeq 2500	LID_147	SRR22269322	SAMN31703620
SNU-5026	05026	cell_line	KCLB19MES0595	SRR22272527	SAMN31563557	52874523	Illumina HiSeq 2500	LID_149	SRR22269321	SAMN31703621
SNU-5262	05262	tumor	KCLB19MES0610	SRR22272526	SAMN31563559	40246705	Illumina HiSeq 2500	LID_151	SRR22269320	SAMN31703622
SNU-5262	05262	blood	KCLB19MES0611	SRR22272525	SAMN31563561	51821118	Illumina HiSeq 2500	LID_153	SRR22269319	SAMN31703623
SNU-5262	05262	cell_line	KCLB19MES0612	SRR22272524	SAMN31563563	57867901	Illumina HiSeq 2500	LID_155	SRR22269318	SAMN31703624
