run_accession	study_accession	sample_accession	experiment_accession	tax_id	scientific_name	instrument_model	library_name	library_strategy	library_source	read_count	fastq_ftp	submitted_ftp	sample_alias	sample_title	bam_ftp
SRR22269317	PRJNA896722	SAMN31703555	SRX18245563	9606	Homo sapiens	Illumina HiSeq 2500	LID_9	WXS	GENOMIC	22348434	ftp.sra.ebi.ac.uk/vol1/fastq/SRR222/017/SRR22269317/SRR22269317.fastq.gz;ftp.sra.ebi.ac.uk/vol1/fastq/SRR222/017/SRR22269317/SRR22269317_1.fastq.gz;ftp.sra.ebi.ac.uk/vol1/fastq/SRR222/017/SRR22269317/SRR22269317_2.fastq.gz		KCLB18MES0289.recal.bam	Human sample from Homo sapiens	
SRR22269321	PRJNA896722	SAMN31703621	SRX18245559	9606	Homo sapiens	Illumina HiSeq 2500	LID_75	WXS	GENOMIC	36686828	ftp.sra.ebi.ac.uk/vol1/fastq/SRR222/021/SRR22269321/SRR22269321.fastq.gz;ftp.sra.ebi.ac.uk/vol1/fastq/SRR222/021/SRR22269321/SRR22269321_1.fastq.gz;ftp.sra.ebi.ac.uk/vol1/fastq/SRR222/021/SRR22269321/SRR22269321_2.fastq.gz		KCLB19MES0595.recal.bam	Human sample from Homo sapiens	
SRR22269323	PRJNA896722	SAMN31703619	SRX18245557	9606	Homo sapiens	Illumina HiSeq 2500	LID_73	WXS	GENOMIC	30600449	ftp.sra.ebi.ac.uk/vol1/fastq/SRR222/023/SRR22269323/SRR22269323.fastq.gz;ftp.sra.ebi.ac.uk/vol1/fastq/SRR222/023/SRR22269323/SRR22269323_1.fastq.gz;ftp.sra.ebi.ac.uk/vol1/fastq/SRR222/023/SRR22269323/SRR22269323_2.fastq.gz		KCLB19MES0593.recal.bam	Human sample from Homo sapiens	
SRR22269326	PRJNA896722	SAMN31703554	SRX18245554	9606	Homo sapiens	Illumina HiSeq 2500	LID_8	WXS	GENOMIC	43595909	ftp.sra.ebi.ac.uk/vol1/fastq/SRR222/026/SRR22269326/SRR22269326.fastq.gz;ftp.sra.ebi.ac.uk/vol1/fastq/SRR222/026/SRR22269326/SRR22269326_1.fastq.gz;ftp.sra.ebi.ac.uk/vol1/fastq/SRR222/026/SRR22269326/SRR22269326_2.fastq.gz	ftp.sra.ebi.ac.uk/vol1/run/SRR222/SRR22269326/KCLB18MES0288.recal.bam.1;ftp.sra.ebi.ac.uk/vol1/run/SRR222/SRR22269326/KCLB18MES0288.recal.bam.1.bai	KCLB18MES0288.recal.bam	Human sample from Homo sapiens	
SRR22269327	PRJNA896722	SAMN31703616	SRX18245553	9606	Homo sapiens	Illumina HiSeq 2500	LID_70	WXS	GENOMIC	36163249	ftp.sra.ebi.ac.uk/vol1/fastq/SRR222/027/SRR22269327/SRR22269327.fastq.gz;ftp.sra.ebi.ac.uk/vol1/fastq/SRR222/027/SRR22269327/SRR22269327_1.fastq.gz;ftp.sra.ebi.ac.uk/vol1/fastq/SRR222/027/SRR22269327/SRR22269327_2.fastq.gz		KCLB19MES0590.recal.bam	Human sample from Homo sapiens	
SRR22269328	PRJNA896722	SAMN31703615	SRX18245552	9606	Homo sapiens	Illumina HiSeq 2500	LID_69	WXS	GENOMIC	36668326	ftp.sra.ebi.ac.uk/vol1/fastq/SRR222/028/SRR22269328/SRR22269328.fastq.gz;ftp.sra.ebi.ac.uk/vol1/fastq/SRR222/028/SRR22269328/SRR22269328_1.fastq.gz;ftp.sra.ebi.ac.uk/vol1/fastq/SRR222/028/SRR22269328/SRR22269328_2.fastq.gz		KCLB19MES0589.recal.bam	Human sample from Homo sapiens	
SRR22269329	PRJNA896722	SAMN31703614	SRX18245551	9606	Homo sapiens	Illumina HiSeq 2500	LID_68	WXS	GENOMIC	36748192	ftp.sra.ebi.ac.uk/vol1/fastq/SRR222/029/SRR22269329/SRR22269329.fastq.gz;ftp.sra.ebi.ac.uk/vol1/fastq/SRR222/029/SRR22269329/SRR22269329_1.fastq.gz;ftp.sra.ebi.ac.uk/vol1/fastq/SRR222/029/SRR22269329/SRR22269329_2.fastq.gz		KCLB19MES0588.recal.bam	Human sample from Homo sapiens	
SRR22269332	PRJNA896722	SAMN31703611	SRX18245548	9606	Homo sapiens	Illumina HiSeq 2500	LID_65	WXS	GENOMIC	42220820	ftp.sra.ebi.ac.uk/vol1/fastq/SRR222/032/SRR22269332/SRR22269332.fastq.gz;ftp.sra.ebi.ac.uk/vol1/fastq/SRR222/032/SRR22269332/SRR22269332_1.fastq.gz;ftp.sra.ebi.ac.uk/vol1/fastq/SRR222/032/SRR22269332/SRR22269332_2.fastq.gz		KCLB19MES0585.recal.bam	Human sample from Homo sapiens	
SRR22269333	PRJNA896722	SAMN31703610	SRX18245547	9606	Homo sapiens	Illumina HiSeq 2500	LID_64	WXS	GENOMIC	34461231	ftp.sra.ebi.ac.uk/vol1/fastq/SRR222/033/SRR22269333/SRR22269333.fastq.gz;ftp.sra.ebi.ac.uk/vol1/fastq/SRR222/033/SRR22269333/SRR22269333_1.fastq.gz;ftp.sra.ebi.ac.uk/vol1/fastq/SRR222/033/SRR22269333/SRR22269333_2.fastq.gz		KCLB19MES0583.recal.bam	Human sample from Homo sapiens	
SRR22269334	PRJNA896722	SAMN31703609	SRX18245546	9606	Homo sapiens	Illumina HiSeq 2500	LID_63	WXS	GENOMIC	36262100	ftp.sra.ebi.ac.uk/vol1/fastq/SRR222/034/SRR22269334/SRR22269334.fastq.gz;ftp.sra.ebi.ac.uk/vol1/fastq/SRR222/034/SRR22269334/SRR22269334_1.fastq.gz;ftp.sra.ebi.ac.uk/vol1/fastq/SRR222/034/SRR22269334/SRR22269334_2.fastq.gz		KCLB19MES0582.recal.bam	Human sample from Homo sapiens	
SRR22269335	PRJNA896722	SAMN31703608	SRX18245545	9606	Homo sapiens	Illumina HiSeq 2500	LID_62	WXS	GENOMIC	33777770	ftp.sra.ebi.ac.uk/vol1/fastq/SRR222/035/SRR22269335/SRR22269335.fastq.gz;ftp.sra.ebi.ac.uk/vol1/fastq/SRR222/035/SRR22269335/SRR22269335_1.fastq.gz;ftp.sra.ebi.ac.uk/vol1/fastq/SRR222/035/SRR22269335/SRR22269335_2.fastq.gz		KCLB19MES0580.recal.bam	Human sample from Homo sapiens	
SRR22269336	PRJNA896722	SAMN31703607	SRX18245544	9606	Homo sapiens	Illumina HiSeq 2500	LID_61	WXS	GENOMIC	44375522	ftp.sra.ebi.ac.uk/vol1/fastq/SRR222/036/SRR22269336/SRR22269336.fastq.gz;ftp.sra.ebi.ac.uk/vol1/fastq/SRR222/036/SRR22269336/SRR22269336_1.fastq.gz;ftp.sra.ebi.ac.uk/vol1/fastq/SRR222/036/SRR22269336/SRR22269336_2.fastq.gz		KCLB19MES0579.recal.bam	Human sample from Homo sapiens	
SRR22269348	PRJNA896722	SAMN31703552	SRX18245532	9606	Homo sapiens	Illumina HiSeq 2500	LID_6	WXS	GENOMIC	25382227	ftp.sra.ebi.ac.uk/vol1/fastq/SRR222/048/SRR22269348/SRR22269348.fastq.gz;ftp.sra.ebi.ac.uk/vol1/fastq/SRR222/048/SRR22269348/SRR22269348_1.fastq.gz;ftp.sra.ebi.ac.uk/vol1/fastq/SRR222/048/SRR22269348/SRR22269348_2.fastq.gz		KCLB18MES0286.recal.bam	Human sample from Homo sapiens	
SRR22269350	PRJNA896722	SAMN31703595	SRX18245530	9606	Homo sapiens	Illumina HiSeq 2500	LID_49	WXS	GENOMIC	193834207	ftp.sra.ebi.ac.uk/vol1/fastq/SRR222/050/SRR22269350/SRR22269350.fastq.gz;ftp.sra.ebi.ac.uk/vol1/fastq/SRR222/050/SRR22269350/SRR22269350_1.fastq.gz;ftp.sra.ebi.ac.uk/vol1/fastq/SRR222/050/SRR22269350/SRR22269350_2.fastq.gz	ftp.sra.ebi.ac.uk/vol1/run/SRR222/SRR22269350/KCLB19MES0565.recal.bam.1;ftp.sra.ebi.ac.uk/vol1/run/SRR222/SRR22269350/KCLB19MES0565.recal.bam.1.bai	KCLB19MES0565.recal.bam	Human sample from Homo sapiens	
SRR22269352	PRJNA896722	SAMN31703593	SRX18245528	9606	Homo sapiens	Illumina HiSeq 2500	LID_47	WXS	GENOMIC	22839818	ftp.sra.ebi.ac.uk/vol1/fastq/SRR222/052/SRR22269352/SRR22269352.fastq.gz;ftp.sra.ebi.ac.uk/vol1/fastq/SRR222/052/SRR22269352/SRR22269352_1.fastq.gz;ftp.sra.ebi.ac.uk/vol1/fastq/SRR222/052/SRR22269352/SRR22269352_2.fastq.gz		KCLB18MES0381.recal.bam	Human sample from Homo sapiens	
SRR22269357	PRJNA896722	SAMN31703588	SRX18245523	9606	Homo sapiens	Illumina HiSeq 2500	LID_42	WXS	GENOMIC	22119975	ftp.sra.ebi.ac.uk/vol1/fastq/SRR222/057/SRR22269357/SRR22269357.fastq.gz;ftp.sra.ebi.ac.uk/vol1/fastq/SRR222/057/SRR22269357/SRR22269357_1.fastq.gz;ftp.sra.ebi.ac.uk/vol1/fastq/SRR222/057/SRR22269357/SRR22269357_2.fastq.gz		KCLB18MES0376.recal.bam	Human sample from Homo sapiens	
SRR22269359	PRJNA896722	SAMN31703551	SRX18245521	9606	Homo sapiens	Illumina HiSeq 2500	LID_5	WXS	GENOMIC	21055592	ftp.sra.ebi.ac.uk/vol1/fastq/SRR222/059/SRR22269359/SRR22269359.fastq.gz;ftp.sra.ebi.ac.uk/vol1/fastq/SRR222/059/SRR22269359/SRR22269359_1.fastq.gz;ftp.sra.ebi.ac.uk/vol1/fastq/SRR222/059/SRR22269359/SRR22269359_2.fastq.gz		KCLB18MES0285.recal.bam	Human sample from Homo sapiens	
SRR22269360	PRJNA896722	SAMN31703586	SRX18245520	9606	Homo sapiens	Illumina HiSeq 2500	LID_40	WXS	GENOMIC	62797504	ftp.sra.ebi.ac.uk/vol1/fastq/SRR222/060/SRR22269360/SRR22269360.fastq.gz;ftp.sra.ebi.ac.uk/vol1/fastq/SRR222/060/SRR22269360/SRR22269360_1.fastq.gz;ftp.sra.ebi.ac.uk/vol1/fastq/SRR222/060/SRR22269360/SRR22269360_2.fastq.gz		KCLB18MES0374.recal.bam	Human sample from Homo sapiens	
SRR22269361	PRJNA896722	SAMN31703585	SRX18245519	9606	Homo sapiens	Illumina HiSeq 2500	LID_39	WXS	GENOMIC	28665154	ftp.sra.ebi.ac.uk/vol1/fastq/SRR222/061/SRR22269361/SRR22269361.fastq.gz;ftp.sra.ebi.ac.uk/vol1/fastq/SRR222/061/SRR22269361/SRR22269361_1.fastq.gz;ftp.sra.ebi.ac.uk/vol1/fastq/SRR222/061/SRR22269361/SRR22269361_2.fastq.gz		KCLB18MES0373.recal.bam	Human sample from Homo sapiens	
SRR22269362	PRJNA896722	SAMN31703584	SRX18245518	9606	Homo sapiens	Illumina HiSeq 2500	LID_38	WXS	GENOMIC	22487905	ftp.sra.ebi.ac.uk/vol1/fastq/SRR222/062/SRR22269362/SRR22269362.fastq.gz;ftp.sra.ebi.ac.uk/vol1/fastq/SRR222/062/SRR22269362/SRR22269362_1.fastq.gz;ftp.sra.ebi.ac.uk/vol1/fastq/SRR222/062/SRR22269362/SRR22269362_2.fastq.gz		KCLB18MES0372.recal.bam	Human sample from Homo sapiens	
SRR22269363	PRJNA896722	SAMN31703583	SRX18245517	9606	Homo sapiens	Illumina HiSeq 2500	LID_37	WXS	GENOMIC	43876006	ftp.sra.ebi.ac.uk/vol1/fastq/SRR222/063/SRR22269363/SRR22269363.fastq.gz;ftp.sra.ebi.ac.uk/vol1/fastq/SRR222/063/SRR22269363/SRR22269363_1.fastq.gz;ftp.sra.ebi.ac.uk/vol1/fastq/SRR222/063/SRR22269363/SRR22269363_2.fastq.gz		KCLB18MES0371.recal.bam	Human sample from Homo sapiens	
SRR22269364	PRJNA896722	SAMN31703582	SRX18245516	9606	Homo sapiens	Illumina HiSeq 2500	LID_36	WXS	GENOMIC	26087177	ftp.sra.ebi.ac.uk/vol1/fastq/SRR222/064/SRR22269364/SRR22269364.fastq.gz;ftp.sra.ebi.ac.uk/vol1/fastq/SRR222/064/SRR22269364/SRR22269364_1.fastq.gz;ftp.sra.ebi.ac.uk/vol1/fastq/SRR222/064/SRR22269364/SRR22269364_2.fastq.gz		KCLB18MES0370.recal.bam	Human sample from Homo sapiens	
SRR22269369	PRJNA896722	SAMN31703577	SRX18245511	9606	Homo sapiens	Illumina HiSeq 2500	LID_31	WXS	GENOMIC	60152809	ftp.sra.ebi.ac.uk/vol1/fastq/SRR222/069/SRR22269369/SRR22269369.fastq.gz;ftp.sra.ebi.ac.uk/vol1/fastq/SRR222/069/SRR22269369/SRR22269369_1.fastq.gz;ftp.sra.ebi.ac.uk/vol1/fastq/SRR222/069/SRR22269369/SRR22269369_2.fastq.gz		KCLB18MES0365.recal.bam	Human sample from Homo sapiens	
SRR22269370	PRJNA896722	SAMN31703550	SRX18245510	9606	Homo sapiens	Illumina HiSeq 2500	LID_4	WXS	GENOMIC	50993048	ftp.sra.ebi.ac.uk/vol1/fastq/SRR222/070/SRR22269370/SRR22269370.fastq.gz;ftp.sra.ebi.ac.uk/vol1/fastq/SRR222/070/SRR22269370/SRR22269370_1.fastq.gz;ftp.sra.ebi.ac.uk/vol1/fastq/SRR222/070/SRR22269370/SRR22269370_2.fastq.gz		KCLB18MES0284.recal.bam	Human sample from Homo sapiens	
SRR22269378	PRJNA896722	SAMN31703569	SRX18245502	9606	Homo sapiens	Illumina HiSeq 2500	LID_23	WXS	GENOMIC	28547104	ftp.sra.ebi.ac.uk/vol1/fastq/SRR222/078/SRR22269378/SRR22269378.fastq.gz;ftp.sra.ebi.ac.uk/vol1/fastq/SRR222/078/SRR22269378/SRR22269378_1.fastq.gz;ftp.sra.ebi.ac.uk/vol1/fastq/SRR222/078/SRR22269378/SRR22269378_2.fastq.gz		KCLB18MES0303.recal.bam	Human sample from Homo sapiens	
SRR22269387	PRJNA896722	SAMN31703561	SRX18245493	9606	Homo sapiens	Illumina HiSeq 2500	LID_15	WXS	GENOMIC	23239300	ftp.sra.ebi.ac.uk/vol1/fastq/SRR222/087/SRR22269387/SRR22269387.fastq.gz;ftp.sra.ebi.ac.uk/vol1/fastq/SRR222/087/SRR22269387/SRR22269387_1.fastq.gz;ftp.sra.ebi.ac.uk/vol1/fastq/SRR222/087/SRR22269387/SRR22269387_2.fastq.gz		KCLB18MES0295.recal.bam	Human sample from Homo sapiens	
SRR22272477	PRJNA896722	SAMN31563485	SRX18248625	9606	Homo sapiens	Illumina HiSeq 2500	LID_77	WXS	GENOMIC	38414093	ftp.sra.ebi.ac.uk/vol1/fastq/SRR222/077/SRR22272477/SRR22272477_1.fastq.gz;ftp.sra.ebi.ac.uk/vol1/fastq/SRR222/077/SRR22272477/SRR22272477_2.fastq.gz		KCLB18MES0373_1.fastq.gz	Human sample from Homo sapiens	
SRR22272482	PRJNA896722	SAMN31563495	SRX18248620	9606	Homo sapiens	Illumina HiSeq 2500	LID_87	WXS	GENOMIC	32809310	ftp.sra.ebi.ac.uk/vol1/fastq/SRR222/082/SRR22272482/SRR22272482_1.fastq.gz;ftp.sra.ebi.ac.uk/vol1/fastq/SRR222/082/SRR22272482/SRR22272482_2.fastq.gz		KCLB18MES0378_1.fastq.gz	Human sample from Homo sapiens	
SRR22272485	PRJNA896722	SAMN31563491	SRX18248617	9606	Homo sapiens	Illumina HiSeq 2500	LID_83	WXS	GENOMIC	29760938	ftp.sra.ebi.ac.uk/vol1/fastq/SRR222/085/SRR22272485/SRR22272485_1.fastq.gz;ftp.sra.ebi.ac.uk/vol1/fastq/SRR222/085/SRR22272485/SRR22272485_2.fastq.gz		KCLB18MES0376_1.fastq.gz	Human sample from Homo sapiens	
SRR22272486	PRJNA896722	SAMN31563489	SRX18248616	9606	Homo sapiens	Illumina HiSeq 2500	LID_81	WXS	GENOMIC	37205565	ftp.sra.ebi.ac.uk/vol1/fastq/SRR222/086/SRR22272486/SRR22272486_1.fastq.gz;ftp.sra.ebi.ac.uk/vol1/fastq/SRR222/086/SRR22272486/SRR22272486_2.fastq.gz		KCLB18MES0375_1.fastq.gz	Human sample from Homo sapiens	
SRR22272487	PRJNA896722	SAMN31563417	SRX18248615	9606	Homo sapiens	Illumina HiSeq 2500	LID_9	WXS	GENOMIC	30426083	ftp.sra.ebi.ac.uk/vol1/fastq/SRR222/087/SRR22272487/SRR22272487_1.fastq.gz;ftp.sra.ebi.ac.uk/vol1/fastq/SRR222/087/SRR22272487/SRR22272487_2.fastq.gz		KCLB18MES0285_1.fastq.gz	Human sample from Homo sapiens	
SRR22272489	PRJNA896722	SAMN31563467	SRX18248613	9606	Homo sapiens	Illumina HiSeq 2500	LID_59	WXS	GENOMIC	37794342	ftp.sra.ebi.ac.uk/vol1/fastq/SRR222/089/SRR22272489/SRR22272489_1.fastq.gz;ftp.sra.ebi.ac.uk/vol1/fastq/SRR222/089/SRR22272489/SRR22272489_2.fastq.gz		KCLB18MES0364_1.fastq.gz	Human sample from Homo sapiens	
SRR22272493	PRJNA896722	SAMN31563479	SRX18248609	9606	Homo sapiens	Illumina HiSeq 2500	LID_71	WXS	GENOMIC	34224972	ftp.sra.ebi.ac.uk/vol1/fastq/SRR222/093/SRR22272493/SRR22272493_1.fastq.gz;ftp.sra.ebi.ac.uk/vol1/fastq/SRR222/093/SRR22272493/SRR22272493_2.fastq.gz		KCLB18MES0370_1.fastq.gz	Human sample from Homo sapiens	
SRR22272495	PRJNA896722	SAMN31563475	SRX18248607	9606	Homo sapiens	Illumina HiSeq 2500	LID_67	WXS	GENOMIC	65239235	ftp.sra.ebi.ac.uk/vol1/fastq/SRR222/095/SRR22272495/SRR22272495_1.fastq.gz;ftp.sra.ebi.ac.uk/vol1/fastq/SRR222/095/SRR22272495/SRR22272495_2.fastq.gz		KCLB18MES0368_1.fastq.gz	Human sample from Homo sapiens	
SRR22272500	PRJNA896722	SAMN31563487	SRX18248602	9606	Homo sapiens	Illumina HiSeq 2500	LID_79	WXS	GENOMIC	86730689	ftp.sra.ebi.ac.uk/vol1/fastq/SRR222/000/SRR22272500/SRR22272500_1.fastq.gz;ftp.sra.ebi.ac.uk/vol1/fastq/SRR222/000/SRR22272500/SRR22272500_2.fastq.gz		KCLB18MES0374_1.fastq.gz	Human sample from Homo sapiens	
SRR22272501	PRJNA896722	SAMN31563447	SRX18248601	9606	Homo sapiens	Illumina HiSeq 2500	LID_39	WXS	GENOMIC	33249627	ftp.sra.ebi.ac.uk/vol1/fastq/SRR222/001/SRR22272501/SRR22272501_1.fastq.gz;ftp.sra.ebi.ac.uk/vol1/fastq/SRR222/001/SRR22272501/SRR22272501_2.fastq.gz		KCLB18MES0300_1.fastq.gz	Human sample from Homo sapiens	
SRR22272506	PRJNA896722	SAMN31563455	SRX18248596	9606	Homo sapiens	Illumina HiSeq 2500	LID_47	WXS	GENOMIC	46501514	ftp.sra.ebi.ac.uk/vol1/fastq/SRR222/006/SRR22272506/SRR22272506_1.fastq.gz;ftp.sra.ebi.ac.uk/vol1/fastq/SRR222/006/SRR22272506/SRR22272506_2.fastq.gz		KCLB18MES0304_1.fastq.gz	Human sample from Homo sapiens	
SRR22272508	PRJNA896722	SAMN31563451	SRX18248594	9606	Homo sapiens	Illumina HiSeq 2500	LID_43	WXS	GENOMIC	80280235	ftp.sra.ebi.ac.uk/vol1/fastq/SRR222/008/SRR22272508/SRR22272508_1.fastq.gz;ftp.sra.ebi.ac.uk/vol1/fastq/SRR222/008/SRR22272508/SRR22272508_2.fastq.gz		KCLB18MES0302_1.fastq.gz	Human sample from Homo sapiens	
SRR22272509	PRJNA896722	SAMN31563449	SRX18248593	9606	Homo sapiens	Illumina HiSeq 2500	LID_41	WXS	GENOMIC	34197470	ftp.sra.ebi.ac.uk/vol1/fastq/SRR222/009/SRR22272509/SRR22272509_1.fastq.gz;ftp.sra.ebi.ac.uk/vol1/fastq/SRR222/009/SRR22272509/SRR22272509_2.fastq.gz		KCLB18MES0301_1.fastq.gz	Human sample from Homo sapiens	
SRR22272517	PRJNA896722	SAMN31563435	SRX18248585	9606	Homo sapiens	Illumina HiSeq 2500	LID_27	WXS	GENOMIC	32930587	ftp.sra.ebi.ac.uk/vol1/fastq/SRR222/017/SRR22272517/SRR22272517_1.fastq.gz;ftp.sra.ebi.ac.uk/vol1/fastq/SRR222/017/SRR22272517/SRR22272517_2.fastq.gz		KCLB18MES0294_1.fastq.gz	Human sample from Homo sapiens	
SRR22272520	PRJNA896722	SAMN31563429	SRX18248582	9606	Homo sapiens	Illumina HiSeq 2500	LID_21	WXS	GENOMIC	30919035	ftp.sra.ebi.ac.uk/vol1/fastq/SRR222/020/SRR22272520/SRR22272520_1.fastq.gz;ftp.sra.ebi.ac.uk/vol1/fastq/SRR222/020/SRR22272520/SRR22272520_2.fastq.gz		KCLB18MES0291_1.fastq.gz	Human sample from Homo sapiens	
SRR22272525	PRJNA896722	SAMN31563561	SRX18248577	9606	Homo sapiens	Illumina HiSeq 2500	LID_153	WXS	GENOMIC	51821118	ftp.sra.ebi.ac.uk/vol1/fastq/SRR222/025/SRR22272525/SRR22272525_1.fastq.gz;ftp.sra.ebi.ac.uk/vol1/fastq/SRR222/025/SRR22272525/SRR22272525_2.fastq.gz		KCLB19MES0611_1.fastq.gz	Human sample from Homo sapiens	
SRR22272528	PRJNA896722	SAMN31563555	SRX18248574	9606	Homo sapiens	Illumina HiSeq 2500	LID_147	WXS	GENOMIC	40702041	ftp.sra.ebi.ac.uk/vol1/fastq/SRR222/028/SRR22272528/SRR22272528_1.fastq.gz;ftp.sra.ebi.ac.uk/vol1/fastq/SRR222/028/SRR22272528/SRR22272528_2.fastq.gz		KCLB19MES0594_1.fastq.gz	Human sample from Homo sapiens	
SRR22272529	PRJNA896722	SAMN31563553	SRX18248573	9606	Homo sapiens	Illumina HiSeq 2500	LID_145	WXS	GENOMIC	41517176	ftp.sra.ebi.ac.uk/vol1/fastq/SRR222/029/SRR22272529/SRR22272529_1.fastq.gz;ftp.sra.ebi.ac.uk/vol1/fastq/SRR222/029/SRR22272529/SRR22272529_2.fastq.gz		KCLB19MES0593_1.fastq.gz	Human sample from Homo sapiens	
SRR22272536	PRJNA896722	SAMN31563525	SRX18248566	9606	Homo sapiens	Illumina HiSeq 2500	LID_117	WXS	GENOMIC	61521318	ftp.sra.ebi.ac.uk/vol1/fastq/SRR222/036/SRR22272536/SRR22272536_1.fastq.gz;ftp.sra.ebi.ac.uk/vol1/fastq/SRR222/036/SRR22272536/SRR22272536_2.fastq.gz		KCLB19MES0577_1.fastq.gz	Human sample from Homo sapiens	
SRR22272539	PRJNA896722	SAMN31563529	SRX18248563	9606	Homo sapiens	Illumina HiSeq 2500	LID_121	WXS	GENOMIC	64383438	ftp.sra.ebi.ac.uk/vol1/fastq/SRR222/039/SRR22272539/SRR22272539_1.fastq.gz;ftp.sra.ebi.ac.uk/vol1/fastq/SRR222/039/SRR22272539/SRR22272539_2.fastq.gz		KCLB19MES0579_1.fastq.gz	Human sample from Homo sapiens	
SRR22272541	PRJNA896722	SAMN31563533	SRX18248561	9606	Homo sapiens	Illumina HiSeq 2500	LID_125	WXS	GENOMIC	53070622	ftp.sra.ebi.ac.uk/vol1/fastq/SRR222/041/SRR22272541/SRR22272541_1.fastq.gz;ftp.sra.ebi.ac.uk/vol1/fastq/SRR222/041/SRR22272541/SRR22272541_2.fastq.gz		KCLB19MES0582_1.fastq.gz	Human sample from Homo sapiens	
SRR22272542	PRJNA896722	SAMN31563535	SRX18248560	9606	Homo sapiens	Illumina HiSeq 2500	LID_127	WXS	GENOMIC	49229459	ftp.sra.ebi.ac.uk/vol1/fastq/SRR222/042/SRR22272542/SRR22272542_1.fastq.gz;ftp.sra.ebi.ac.uk/vol1/fastq/SRR222/042/SRR22272542/SRR22272542_2.fastq.gz		KCLB19MES0583_1.fastq.gz	Human sample from Homo sapiens	
SRR22272544	PRJNA896722	SAMN31563537	SRX18248559	9606	Homo sapiens	Illumina HiSeq 2500	LID_129	WXS	GENOMIC	59319948	ftp.sra.ebi.ac.uk/vol1/fastq/SRR222/044/SRR22272544/SRR22272544_1.fastq.gz;ftp.sra.ebi.ac.uk/vol1/fastq/SRR222/044/SRR22272544/SRR22272544_2.fastq.gz		KCLB19MES0585_1.fastq.gz	Human sample from Homo sapiens	
SRR22272546	PRJNA896722	SAMN31563519	SRX18248557	9606	Homo sapiens	Illumina HiSeq 2500	LID_111	WXS	GENOMIC	93521394	ftp.sra.ebi.ac.uk/vol1/fastq/SRR222/046/SRR22272546/SRR22272546_1.fastq.gz;ftp.sra.ebi.ac.uk/vol1/fastq/SRR222/046/SRR22272546/SRR22272546_2.fastq.gz		KCLB19MES0574_1.fastq.gz	Human sample from Homo sapiens	
SRR22272553	PRJNA896722	SAMN31563409	SRX18248549	9606	Homo sapiens	Illumina HiSeq 2500	LID_1	WXS	GENOMIC	68343813	ftp.sra.ebi.ac.uk/vol1/fastq/SRR222/053/SRR22272553/SRR22272553_1.fastq.gz;ftp.sra.ebi.ac.uk/vol1/fastq/SRR222/053/SRR22272553/SRR22272553_2.fastq.gz		KCLB18MES0281_1.fastq.gz	Human sample from Homo sapiens	
SRR22269319	PRJNA896722	SAMN31703623	SRX18245561	9606	Homo sapiens	Illumina HiSeq 2500	LID_77	WXS	GENOMIC	37509236	ftp.sra.ebi.ac.uk/vol1/fastq/SRR222/019/SRR22269319/SRR22269319.fastq.gz;ftp.sra.ebi.ac.uk/vol1/fastq/SRR222/019/SRR22269319/SRR22269319_1.fastq.gz;ftp.sra.ebi.ac.uk/vol1/fastq/SRR222/019/SRR22269319/SRR22269319_2.fastq.gz		KCLB19MES0611.recal.bam	Human sample from Homo sapiens	
SRR22269320	PRJNA896722	SAMN31703622	SRX18245560	9606	Homo sapiens	Illumina HiSeq 2500	LID_76	WXS	GENOMIC	27855877	ftp.sra.ebi.ac.uk/vol1/fastq/SRR222/020/SRR22269320/SRR22269320.fastq.gz;ftp.sra.ebi.ac.uk/vol1/fastq/SRR222/020/SRR22269320/SRR22269320_1.fastq.gz;ftp.sra.ebi.ac.uk/vol1/fastq/SRR222/020/SRR22269320/SRR22269320_2.fastq.gz		KCLB19MES0610.recal.bam	Human sample from Homo sapiens	
SRR22269324	PRJNA896722	SAMN31703618	SRX18245556	9606	Homo sapiens	Illumina HiSeq 2500	LID_72	WXS	GENOMIC	36114428	ftp.sra.ebi.ac.uk/vol1/fastq/SRR222/024/SRR22269324/SRR22269324.fastq.gz;ftp.sra.ebi.ac.uk/vol1/fastq/SRR222/024/SRR22269324/SRR22269324_1.fastq.gz;ftp.sra.ebi.ac.uk/vol1/fastq/SRR222/024/SRR22269324/SRR22269324_2.fastq.gz		KCLB19MES0592.recal.bam	Human sample from Homo sapiens	
SRR22269325	PRJNA896722	SAMN31703617	SRX18245555	9606	Homo sapiens	Illumina HiSeq 2500	LID_71	WXS	GENOMIC	39684805	ftp.sra.ebi.ac.uk/vol1/fastq/SRR222/025/SRR22269325/SRR22269325.fastq.gz;ftp.sra.ebi.ac.uk/vol1/fastq/SRR222/025/SRR22269325/SRR22269325_1.fastq.gz;ftp.sra.ebi.ac.uk/vol1/fastq/SRR222/025/SRR22269325/SRR22269325_2.fastq.gz		KCLB19MES0591.recal.bam	Human sample from Homo sapiens	
SRR22269331	PRJNA896722	SAMN31703612	SRX18245549	9606	Homo sapiens	Illumina HiSeq 2500	LID_66	WXS	GENOMIC	35412536	ftp.sra.ebi.ac.uk/vol1/fastq/SRR222/031/SRR22269331/SRR22269331.fastq.gz;ftp.sra.ebi.ac.uk/vol1/fastq/SRR222/031/SRR22269331/SRR22269331_1.fastq.gz;ftp.sra.ebi.ac.uk/vol1/fastq/SRR222/031/SRR22269331/SRR22269331_2.fastq.gz		KCLB19MES0586.recal.bam	Human sample from Homo sapiens	
SRR22269337	PRJNA896722	SAMN31703553	SRX18245543	9606	Homo sapiens	Illumina HiSeq 2500	LID_7	WXS	GENOMIC	54758614	ftp.sra.ebi.ac.uk/vol1/fastq/SRR222/037/SRR22269337/SRR22269337.fastq.gz;ftp.sra.ebi.ac.uk/vol1/fastq/SRR222/037/SRR22269337/SRR22269337_1.fastq.gz;ftp.sra.ebi.ac.uk/vol1/fastq/SRR222/037/SRR22269337/SRR22269337_2.fastq.gz		KCLB18MES0287.recal.bam	Human sample from Homo sapiens	
SRR22269338	PRJNA896722	SAMN31703606	SRX18245542	9606	Homo sapiens	Illumina HiSeq 2500	LID_60	WXS	GENOMIC	35095883	ftp.sra.ebi.ac.uk/vol1/fastq/SRR222/038/SRR22269338/SRR22269338.fastq.gz;ftp.sra.ebi.ac.uk/vol1/fastq/SRR222/038/SRR22269338/SRR22269338_1.fastq.gz;ftp.sra.ebi.ac.uk/vol1/fastq/SRR222/038/SRR22269338/SRR22269338_2.fastq.gz		KCLB19MES0578.recal.bam	Human sample from Homo sapiens	
SRR22269343	PRJNA896722	SAMN31703601	SRX18245537	9606	Homo sapiens	Illumina HiSeq 2500	LID_55	WXS	GENOMIC	75586272	ftp.sra.ebi.ac.uk/vol1/fastq/SRR222/043/SRR22269343/SRR22269343.fastq.gz;ftp.sra.ebi.ac.uk/vol1/fastq/SRR222/043/SRR22269343/SRR22269343_1.fastq.gz;ftp.sra.ebi.ac.uk/vol1/fastq/SRR222/043/SRR22269343/SRR22269343_2.fastq.gz		KCLB19MES0573.recal.bam	Human sample from Homo sapiens	
SRR22269353	PRJNA896722	SAMN31703592	SRX18245527	9606	Homo sapiens	Illumina HiSeq 2500	LID_46	WXS	GENOMIC	46743993	ftp.sra.ebi.ac.uk/vol1/fastq/SRR222/053/SRR22269353/SRR22269353.fastq.gz;ftp.sra.ebi.ac.uk/vol1/fastq/SRR222/053/SRR22269353/SRR22269353_1.fastq.gz;ftp.sra.ebi.ac.uk/vol1/fastq/SRR222/053/SRR22269353/SRR22269353_2.fastq.gz		KCLB18MES0380.recal.bam	Human sample from Homo sapiens	
SRR22269354	PRJNA896722	SAMN31703591	SRX18245526	9606	Homo sapiens	Illumina HiSeq 2500	LID_45	WXS	GENOMIC	25116775	ftp.sra.ebi.ac.uk/vol1/fastq/SRR222/054/SRR22269354/SRR22269354.fastq.gz;ftp.sra.ebi.ac.uk/vol1/fastq/SRR222/054/SRR22269354/SRR22269354_1.fastq.gz;ftp.sra.ebi.ac.uk/vol1/fastq/SRR222/054/SRR22269354/SRR22269354_2.fastq.gz		KCLB18MES0379.recal.bam	Human sample from Homo sapiens	
SRR22269316	PRJNA896722	SAMN31703556	SRX18245564	9606	Homo sapiens	Illumina HiSeq 2500	LID_10	WXS	GENOMIC	52567810	ftp.sra.ebi.ac.uk/vol1/fastq/SRR222/016/SRR22269316/SRR22269316.fastq.gz;ftp.sra.ebi.ac.uk/vol1/fastq/SRR222/016/SRR22269316/SRR22269316_1.fastq.gz;ftp.sra.ebi.ac.uk/vol1/fastq/SRR222/016/SRR22269316/SRR22269316_2.fastq.gz		KCLB18MES0290.recal.bam	Human sample from Homo sapiens	
SRR22269355	PRJNA896722	SAMN31703590	SRX18245525	9606	Homo sapiens	Illumina HiSeq 2500	LID_44	WXS	GENOMIC	24159927	ftp.sra.ebi.ac.uk/vol1/fastq/SRR222/055/SRR22269355/SRR22269355.fastq.gz;ftp.sra.ebi.ac.uk/vol1/fastq/SRR222/055/SRR22269355/SRR22269355_1.fastq.gz;ftp.sra.ebi.ac.uk/vol1/fastq/SRR222/055/SRR22269355/SRR22269355_2.fastq.gz		KCLB18MES0378.recal.bam	Human sample from Homo sapiens	
SRR22269356	PRJNA896722	SAMN31703589	SRX18245524	9606	Homo sapiens	Illumina HiSeq 2500	LID_43	WXS	GENOMIC	47359480	ftp.sra.ebi.ac.uk/vol1/fastq/SRR222/056/SRR22269356/SRR22269356.fastq.gz;ftp.sra.ebi.ac.uk/vol1/fastq/SRR222/056/SRR22269356/SRR22269356_1.fastq.gz;ftp.sra.ebi.ac.uk/vol1/fastq/SRR222/056/SRR22269356/SRR22269356_2.fastq.gz		KCLB18MES0377.recal.bam	Human sample from Homo sapiens	
SRR22269318	PRJNA896722	SAMN31703624	SRX18245562	9606	Homo sapiens	Illumina HiSeq 2500	LID_78	WXS	GENOMIC	40813189	ftp.sra.ebi.ac.uk/vol1/fastq/SRR222/018/SRR22269318/SRR22269318.fastq.gz;ftp.sra.ebi.ac.uk/vol1/fastq/SRR222/018/SRR22269318/SRR22269318_1.fastq.gz;ftp.sra.ebi.ac.uk/vol1/fastq/SRR222/018/SRR22269318/SRR22269318_2.fastq.gz		KCLB19MES0612.recal.bam	Human sample from Homo sapiens	
SRR22269358	PRJNA896722	SAMN31703587	SRX18245522	9606	Homo sapiens	Illumina HiSeq 2500	LID_41	WXS	GENOMIC	28633463	ftp.sra.ebi.ac.uk/vol1/fastq/SRR222/058/SRR22269358/SRR22269358.fastq.gz;ftp.sra.ebi.ac.uk/vol1/fastq/SRR222/058/SRR22269358/SRR22269358_1.fastq.gz;ftp.sra.ebi.ac.uk/vol1/fastq/SRR222/058/SRR22269358/SRR22269358_2.fastq.gz		KCLB18MES0375.recal.bam	Human sample from Homo sapiens	
SRR22269367	PRJNA896722	SAMN31703579	SRX18245513	9606	Homo sapiens	Illumina HiSeq 2500	LID_33	WXS	GENOMIC	45128535	ftp.sra.ebi.ac.uk/vol1/fastq/SRR222/067/SRR22269367/SRR22269367.fastq.gz;ftp.sra.ebi.ac.uk/vol1/fastq/SRR222/067/SRR22269367/SRR22269367_1.fastq.gz;ftp.sra.ebi.ac.uk/vol1/fastq/SRR222/067/SRR22269367/SRR22269367_2.fastq.gz	ftp.sra.ebi.ac.uk/vol1/run/SRR222/SRR22269367/KCLB18MES0367.recal.bam;ftp.sra.ebi.ac.uk/vol1/run/SRR222/SRR22269367/KCLB18MES0367.recal.bam.bai	KCLB18MES0367.recal.bam	Human sample from Homo sapiens	
SRR22269371	PRJNA896722	SAMN31703576	SRX18245509	9606	Homo sapiens	Illumina HiSeq 2500	LID_30	WXS	GENOMIC	27062695	ftp.sra.ebi.ac.uk/vol1/fastq/SRR222/071/SRR22269371/SRR22269371.fastq.gz;ftp.sra.ebi.ac.uk/vol1/fastq/SRR222/071/SRR22269371/SRR22269371_1.fastq.gz;ftp.sra.ebi.ac.uk/vol1/fastq/SRR222/071/SRR22269371/SRR22269371_2.fastq.gz		KCLB18MES0364.recal.bam	Human sample from Homo sapiens	
SRR22269376	PRJNA896722	SAMN31703571	SRX18245504	9606	Homo sapiens	Illumina HiSeq 2500	LID_25	WXS	GENOMIC	51816255	ftp.sra.ebi.ac.uk/vol1/fastq/SRR222/076/SRR22269376/SRR22269376.fastq.gz;ftp.sra.ebi.ac.uk/vol1/fastq/SRR222/076/SRR22269376/SRR22269376_1.fastq.gz;ftp.sra.ebi.ac.uk/vol1/fastq/SRR222/076/SRR22269376/SRR22269376_2.fastq.gz		KCLB18MES0305.recal.bam	Human sample from Homo sapiens	
SRR22269322	PRJNA896722	SAMN31703620	SRX18245558	9606	Homo sapiens	Illumina HiSeq 2500	LID_74	WXS	GENOMIC	30546127	ftp.sra.ebi.ac.uk/vol1/fastq/SRR222/022/SRR22269322/SRR22269322.fastq.gz;ftp.sra.ebi.ac.uk/vol1/fastq/SRR222/022/SRR22269322/SRR22269322_1.fastq.gz;ftp.sra.ebi.ac.uk/vol1/fastq/SRR222/022/SRR22269322/SRR22269322_2.fastq.gz		KCLB19MES0594.recal.bam	Human sample from Homo sapiens	
SRR22269377	PRJNA896722	SAMN31703570	SRX18245503	9606	Homo sapiens	Illumina HiSeq 2500	LID_24	WXS	GENOMIC	64179167	ftp.sra.ebi.ac.uk/vol1/fastq/SRR222/077/SRR22269377/SRR22269377.fastq.gz;ftp.sra.ebi.ac.uk/vol1/fastq/SRR222/077/SRR22269377/SRR22269377_1.fastq.gz;ftp.sra.ebi.ac.uk/vol1/fastq/SRR222/077/SRR22269377/SRR22269377_2.fastq.gz	ftp.sra.ebi.ac.uk/vol1/run/SRR222/SRR22269377/KCLB18MES0304.recal.bam.1;ftp.sra.ebi.ac.uk/vol1/run/SRR222/SRR22269377/KCLB18MES0304.recal.bam.1.bai	KCLB18MES0304.recal.bam	Human sample from Homo sapiens	
SRR22269379	PRJNA896722	SAMN31703568	SRX18245501	9606	Homo sapiens	Illumina HiSeq 2500	LID_22	WXS	GENOMIC	57673728	ftp.sra.ebi.ac.uk/vol1/fastq/SRR222/079/SRR22269379/SRR22269379.fastq.gz;ftp.sra.ebi.ac.uk/vol1/fastq/SRR222/079/SRR22269379/SRR22269379_1.fastq.gz;ftp.sra.ebi.ac.uk/vol1/fastq/SRR222/079/SRR22269379/SRR22269379_2.fastq.gz		KCLB18MES0302.recal.bam	Human sample from Homo sapiens	
SRR22269330	PRJNA896722	SAMN31703613	SRX18245550	9606	Homo sapiens	Illumina HiSeq 2500	LID_67	WXS	GENOMIC	35635768	ftp.sra.ebi.ac.uk/vol1/fastq/SRR222/030/SRR22269330/SRR22269330.fastq.gz;ftp.sra.ebi.ac.uk/vol1/fastq/SRR222/030/SRR22269330/SRR22269330_1.fastq.gz;ftp.sra.ebi.ac.uk/vol1/fastq/SRR222/030/SRR22269330/SRR22269330_2.fastq.gz		KCLB19MES0587.recal.bam	Human sample from Homo sapiens	
SRR22269382	PRJNA896722	SAMN31703566	SRX18245498	9606	Homo sapiens	Illumina HiSeq 2500	LID_20	WXS	GENOMIC	23439246	ftp.sra.ebi.ac.uk/vol1/fastq/SRR222/082/SRR22269382/SRR22269382.fastq.gz;ftp.sra.ebi.ac.uk/vol1/fastq/SRR222/082/SRR22269382/SRR22269382_1.fastq.gz;ftp.sra.ebi.ac.uk/vol1/fastq/SRR222/082/SRR22269382/SRR22269382_2.fastq.gz		KCLB18MES0300.recal.bam	Human sample from Homo sapiens	
SRR22269339	PRJNA896722	SAMN31703605	SRX18245541	9606	Homo sapiens	Illumina HiSeq 2500	LID_59	WXS	GENOMIC	79180029	ftp.sra.ebi.ac.uk/vol1/fastq/SRR222/039/SRR22269339/SRR22269339.fastq.gz;ftp.sra.ebi.ac.uk/vol1/fastq/SRR222/039/SRR22269339/SRR22269339_1.fastq.gz;ftp.sra.ebi.ac.uk/vol1/fastq/SRR222/039/SRR22269339/SRR22269339_2.fastq.gz	ftp.sra.ebi.ac.uk/vol1/run/SRR222/SRR22269339/KCLB19MES0577.recal.bam.1;ftp.sra.ebi.ac.uk/vol1/run/SRR222/SRR22269339/KCLB19MES0577.recal.bam.1.bai	KCLB19MES0577.recal.bam	Human sample from Homo sapiens	
SRR22269383	PRJNA896722	SAMN31703565	SRX18245497	9606	Homo sapiens	Illumina HiSeq 2500	LID_19	WXS	GENOMIC	47812356	ftp.sra.ebi.ac.uk/vol1/fastq/SRR222/083/SRR22269383/SRR22269383.fastq.gz;ftp.sra.ebi.ac.uk/vol1/fastq/SRR222/083/SRR22269383/SRR22269383_1.fastq.gz;ftp.sra.ebi.ac.uk/vol1/fastq/SRR222/083/SRR22269383/SRR22269383_2.fastq.gz		KCLB18MES0299.recal.bam	Human sample from Homo sapiens	
SRR22269340	PRJNA896722	SAMN31703604	SRX18245540	9606	Homo sapiens	Illumina HiSeq 2500	LID_58	WXS	GENOMIC	57914561	ftp.sra.ebi.ac.uk/vol1/fastq/SRR222/040/SRR22269340/SRR22269340.fastq.gz;ftp.sra.ebi.ac.uk/vol1/fastq/SRR222/040/SRR22269340/SRR22269340_1.fastq.gz;ftp.sra.ebi.ac.uk/vol1/fastq/SRR222/040/SRR22269340/SRR22269340_2.fastq.gz		KCLB19MES0576.recal.bam	Human sample from Homo sapiens	
SRR22269384	PRJNA896722	SAMN31703564	SRX18245496	9606	Homo sapiens	Illumina HiSeq 2500	LID_18	WXS	GENOMIC	52382279	ftp.sra.ebi.ac.uk/vol1/fastq/SRR222/084/SRR22269384/SRR22269384.fastq.gz;ftp.sra.ebi.ac.uk/vol1/fastq/SRR222/084/SRR22269384/SRR22269384_1.fastq.gz;ftp.sra.ebi.ac.uk/vol1/fastq/SRR222/084/SRR22269384/SRR22269384_2.fastq.gz	ftp.sra.ebi.ac.uk/vol1/run/SRR222/SRR22269384/KCLB18MES0298.recal.bam.1;ftp.sra.ebi.ac.uk/vol1/run/SRR222/SRR22269384/KCLB18MES0298.recal.bam.1.bai	KCLB18MES0298.recal.bam	Human sample from Homo sapiens	
SRR22269341	PRJNA896722	SAMN31703603	SRX18245539	9606	Homo sapiens	Illumina HiSeq 2500	LID_57	WXS	GENOMIC	74490951	ftp.sra.ebi.ac.uk/vol1/fastq/SRR222/041/SRR22269341/SRR22269341.fastq.gz;ftp.sra.ebi.ac.uk/vol1/fastq/SRR222/041/SRR22269341/SRR22269341_1.fastq.gz;ftp.sra.ebi.ac.uk/vol1/fastq/SRR222/041/SRR22269341/SRR22269341_2.fastq.gz		KCLB19MES0575.recal.bam	Human sample from Homo sapiens	
SRR22269389	PRJNA896722	SAMN31703559	SRX18245491	9606	Homo sapiens	Illumina HiSeq 2500	LID_13	WXS	GENOMIC	106950841	ftp.sra.ebi.ac.uk/vol1/fastq/SRR222/089/SRR22269389/SRR22269389.fastq.gz;ftp.sra.ebi.ac.uk/vol1/fastq/SRR222/089/SRR22269389/SRR22269389_1.fastq.gz;ftp.sra.ebi.ac.uk/vol1/fastq/SRR222/089/SRR22269389/SRR22269389_2.fastq.gz	ftp.sra.ebi.ac.uk/vol1/run/SRR222/SRR22269389/KCLB18MES0293.recal.bam.1;ftp.sra.ebi.ac.uk/vol1/run/SRR222/SRR22269389/KCLB18MES0293.recal.bam.1.bai	KCLB18MES0293.recal.bam	Human sample from Homo sapiens	
SRR22269342	PRJNA896722	SAMN31703602	SRX18245538	9606	Homo sapiens	Illumina HiSeq 2500	LID_56	WXS	GENOMIC	61642440	ftp.sra.ebi.ac.uk/vol1/fastq/SRR222/042/SRR22269342/SRR22269342.fastq.gz;ftp.sra.ebi.ac.uk/vol1/fastq/SRR222/042/SRR22269342/SRR22269342_1.fastq.gz;ftp.sra.ebi.ac.uk/vol1/fastq/SRR222/042/SRR22269342/SRR22269342_2.fastq.gz		KCLB19MES0574.recal.bam	Human sample from Homo sapiens	
SRR22269391	PRJNA896722	SAMN31703557	SRX18245489	9606	Homo sapiens	Illumina HiSeq 2500	LID_11	WXS	GENOMIC	22612622	ftp.sra.ebi.ac.uk/vol1/fastq/SRR222/091/SRR22269391/SRR22269391.fastq.gz;ftp.sra.ebi.ac.uk/vol1/fastq/SRR222/091/SRR22269391/SRR22269391_1.fastq.gz;ftp.sra.ebi.ac.uk/vol1/fastq/SRR222/091/SRR22269391/SRR22269391_2.fastq.gz		KCLB18MES0291.recal.bam	Human sample from Homo sapiens	
SRR22269344	PRJNA896722	SAMN31703600	SRX18245536	9606	Homo sapiens	Illumina HiSeq 2500	LID_54	WXS	GENOMIC	64422389	ftp.sra.ebi.ac.uk/vol1/fastq/SRR222/044/SRR22269344/SRR22269344.fastq.gz;ftp.sra.ebi.ac.uk/vol1/fastq/SRR222/044/SRR22269344/SRR22269344_1.fastq.gz;ftp.sra.ebi.ac.uk/vol1/fastq/SRR222/044/SRR22269344/SRR22269344_2.fastq.gz		KCLB19MES0571.recal.bam	Human sample from Homo sapiens	
SRR22269392	PRJNA896722	SAMN31703548	SRX18245488	9606	Homo sapiens	Illumina HiSeq 2500	LID_2	WXS	GENOMIC	24382665	ftp.sra.ebi.ac.uk/vol1/fastq/SRR222/092/SRR22269392/SRR22269392.fastq.gz;ftp.sra.ebi.ac.uk/vol1/fastq/SRR222/092/SRR22269392/SRR22269392_1.fastq.gz;ftp.sra.ebi.ac.uk/vol1/fastq/SRR222/092/SRR22269392/SRR22269392_2.fastq.gz		KCLB18MES0282.recal.bam	Human sample from Homo sapiens	
SRR22269345	PRJNA896722	SAMN31703599	SRX18245535	9606	Homo sapiens	Illumina HiSeq 2500	LID_53	WXS	GENOMIC	60655668	ftp.sra.ebi.ac.uk/vol1/fastq/SRR222/045/SRR22269345/SRR22269345.fastq.gz;ftp.sra.ebi.ac.uk/vol1/fastq/SRR222/045/SRR22269345/SRR22269345_1.fastq.gz;ftp.sra.ebi.ac.uk/vol1/fastq/SRR222/045/SRR22269345/SRR22269345_2.fastq.gz		KCLB19MES0570.recal.bam	Human sample from Homo sapiens	
SRR22272476	PRJNA896722	SAMN31563503	SRX18248626	9606	Homo sapiens	Illumina HiSeq 2500	LID_95	WXS	GENOMIC	32500990	ftp.sra.ebi.ac.uk/vol1/fastq/SRR222/076/SRR22272476/SRR22272476_1.fastq.gz;ftp.sra.ebi.ac.uk/vol1/fastq/SRR222/076/SRR22272476/SRR22272476_2.fastq.gz		KCLB18MES0382_1.fastq.gz	Human sample from Homo sapiens	
SRR22269346	PRJNA896722	SAMN31703598	SRX18245534	9606	Homo sapiens	Illumina HiSeq 2500	LID_52	WXS	GENOMIC	57969809	ftp.sra.ebi.ac.uk/vol1/fastq/SRR222/046/SRR22269346/SRR22269346.fastq.gz;ftp.sra.ebi.ac.uk/vol1/fastq/SRR222/046/SRR22269346/SRR22269346_1.fastq.gz;ftp.sra.ebi.ac.uk/vol1/fastq/SRR222/046/SRR22269346/SRR22269346_2.fastq.gz		KCLB19MES0568.recal.bam	Human sample from Homo sapiens	
SRR22272478	PRJNA896722	SAMN31563505	SRX18248624	9606	Homo sapiens	Illumina HiSeq 2500	LID_97	WXS	GENOMIC	149359564	ftp.sra.ebi.ac.uk/vol1/fastq/SRR222/078/SRR22272478/SRR22272478_1.fastq.gz;ftp.sra.ebi.ac.uk/vol1/fastq/SRR222/078/SRR22272478/SRR22272478_2.fastq.gz		KCLB19MES0565_1.fastq.gz	Human sample from Homo sapiens	
SRR22272481	PRJNA896722	SAMN31563499	SRX18248621	9606	Homo sapiens	Illumina HiSeq 2500	LID_91	WXS	GENOMIC	70095306	ftp.sra.ebi.ac.uk/vol1/fastq/SRR222/081/SRR22272481/SRR22272481_1.fastq.gz;ftp.sra.ebi.ac.uk/vol1/fastq/SRR222/081/SRR22272481/SRR22272481_2.fastq.gz		KCLB18MES0380_1.fastq.gz	Human sample from Homo sapiens	
SRR22269347	PRJNA896722	SAMN31703597	SRX18245533	9606	Homo sapiens	Illumina HiSeq 2500	LID_51	WXS	GENOMIC	63224151	ftp.sra.ebi.ac.uk/vol1/fastq/SRR222/047/SRR22269347/SRR22269347.fastq.gz;ftp.sra.ebi.ac.uk/vol1/fastq/SRR222/047/SRR22269347/SRR22269347_1.fastq.gz;ftp.sra.ebi.ac.uk/vol1/fastq/SRR222/047/SRR22269347/SRR22269347_2.fastq.gz		KCLB19MES0567.recal.bam	Human sample from Homo sapiens	
SRR22272483	PRJNA896722	SAMN31563497	SRX18248619	9606	Homo sapiens	Illumina HiSeq 2500	LID_89	WXS	GENOMIC	36300605	ftp.sra.ebi.ac.uk/vol1/fastq/SRR222/083/SRR22272483/SRR22272483_1.fastq.gz;ftp.sra.ebi.ac.uk/vol1/fastq/SRR222/083/SRR22272483/SRR22272483_2.fastq.gz		KCLB18MES0379_1.fastq.gz	Human sample from Homo sapiens	
SRR22269349	PRJNA896722	SAMN31703596	SRX18245531	9606	Homo sapiens	Illumina HiSeq 2500	LID_50	WXS	GENOMIC	61674132	ftp.sra.ebi.ac.uk/vol1/fastq/SRR222/049/SRR22269349/SRR22269349.fastq.gz;ftp.sra.ebi.ac.uk/vol1/fastq/SRR222/049/SRR22269349/SRR22269349_1.fastq.gz;ftp.sra.ebi.ac.uk/vol1/fastq/SRR222/049/SRR22269349/SRR22269349_2.fastq.gz		KCLB19MES0566.recal.bam	Human sample from Homo sapiens	
SRR22272484	PRJNA896722	SAMN31563493	SRX18248618	9606	Homo sapiens	Illumina HiSeq 2500	LID_85	WXS	GENOMIC	69902921	ftp.sra.ebi.ac.uk/vol1/fastq/SRR222/084/SRR22272484/SRR22272484_1.fastq.gz;ftp.sra.ebi.ac.uk/vol1/fastq/SRR222/084/SRR22272484/SRR22272484_2.fastq.gz		KCLB18MES0377_1.fastq.gz	Human sample from Homo sapiens	
SRR22269351	PRJNA896722	SAMN31703594	SRX18245529	9606	Homo sapiens	Illumina HiSeq 2500	LID_48	WXS	GENOMIC	23939989	ftp.sra.ebi.ac.uk/vol1/fastq/SRR222/051/SRR22269351/SRR22269351.fastq.gz;ftp.sra.ebi.ac.uk/vol1/fastq/SRR222/051/SRR22269351/SRR22269351_1.fastq.gz;ftp.sra.ebi.ac.uk/vol1/fastq/SRR222/051/SRR22269351/SRR22269351_2.fastq.gz		KCLB18MES0382.recal.bam	Human sample from Homo sapiens	
SRR22272488	PRJNA896722	SAMN31563507	SRX18248614	9606	Homo sapiens	Illumina HiSeq 2500	LID_99	WXS	GENOMIC	91505390	ftp.sra.ebi.ac.uk/vol1/fastq/SRR222/088/SRR22272488/SRR22272488_1.fastq.gz;ftp.sra.ebi.ac.uk/vol1/fastq/SRR222/088/SRR22272488/SRR22272488_2.fastq.gz		KCLB19MES0566_1.fastq.gz	Human sample from Homo sapiens	
SRR22269365	PRJNA896722	SAMN31703581	SRX18245515	9606	Homo sapiens	Illumina HiSeq 2500	LID_35	WXS	GENOMIC	28621787	ftp.sra.ebi.ac.uk/vol1/fastq/SRR222/065/SRR22269365/SRR22269365.fastq.gz;ftp.sra.ebi.ac.uk/vol1/fastq/SRR222/065/SRR22269365/SRR22269365_1.fastq.gz;ftp.sra.ebi.ac.uk/vol1/fastq/SRR222/065/SRR22269365/SRR22269365_2.fastq.gz		KCLB18MES0369.recal.bam	Human sample from Homo sapiens	
SRR22272491	PRJNA896722	SAMN31563463	SRX18248611	9606	Homo sapiens	Illumina HiSeq 2500	LID_55	WXS	GENOMIC	69853429	ftp.sra.ebi.ac.uk/vol1/fastq/SRR222/091/SRR22272491/SRR22272491_1.fastq.gz;ftp.sra.ebi.ac.uk/vol1/fastq/SRR222/091/SRR22272491/SRR22272491_2.fastq.gz		KCLB18MES0362_1.fastq.gz	Human sample from Homo sapiens	
SRR22269366	PRJNA896722	SAMN31703580	SRX18245514	9606	Homo sapiens	Illumina HiSeq 2500	LID_34	WXS	GENOMIC	43959667	ftp.sra.ebi.ac.uk/vol1/fastq/SRR222/066/SRR22269366/SRR22269366.fastq.gz;ftp.sra.ebi.ac.uk/vol1/fastq/SRR222/066/SRR22269366/SRR22269366_1.fastq.gz;ftp.sra.ebi.ac.uk/vol1/fastq/SRR222/066/SRR22269366/SRR22269366_2.fastq.gz		KCLB18MES0368.recal.bam	Human sample from Homo sapiens	
SRR22272494	PRJNA896722	SAMN31563477	SRX18248608	9606	Homo sapiens	Illumina HiSeq 2500	LID_69	WXS	GENOMIC	37982812	ftp.sra.ebi.ac.uk/vol1/fastq/SRR222/094/SRR22272494/SRR22272494_1.fastq.gz;ftp.sra.ebi.ac.uk/vol1/fastq/SRR222/094/SRR22272494/SRR22272494_2.fastq.gz		KCLB18MES0369_1.fastq.gz	Human sample from Homo sapiens	
SRR22269368	PRJNA896722	SAMN31703578	SRX18245512	9606	Homo sapiens	Illumina HiSeq 2500	LID_32	WXS	GENOMIC	24400323	ftp.sra.ebi.ac.uk/vol1/fastq/SRR222/068/SRR22269368/SRR22269368.fastq.gz;ftp.sra.ebi.ac.uk/vol1/fastq/SRR222/068/SRR22269368/SRR22269368_1.fastq.gz;ftp.sra.ebi.ac.uk/vol1/fastq/SRR222/068/SRR22269368/SRR22269368_2.fastq.gz		KCLB18MES0366.recal.bam	Human sample from Homo sapiens	
SRR22272498	PRJNA896722	SAMN31563469	SRX18248604	9606	Homo sapiens	Illumina HiSeq 2500	LID_61	WXS	GENOMIC	82613260	ftp.sra.ebi.ac.uk/vol1/fastq/SRR222/098/SRR22272498/SRR22272498_1.fastq.gz;ftp.sra.ebi.ac.uk/vol1/fastq/SRR222/098/SRR22272498/SRR22272498_2.fastq.gz		KCLB18MES0365_1.fastq.gz	Human sample from Homo sapiens	
SRR22269372	PRJNA896722	SAMN31703575	SRX18245508	9606	Homo sapiens	Illumina HiSeq 2500	LID_29	WXS	GENOMIC	25161364	ftp.sra.ebi.ac.uk/vol1/fastq/SRR222/072/SRR22269372/SRR22269372.fastq.gz;ftp.sra.ebi.ac.uk/vol1/fastq/SRR222/072/SRR22269372/SRR22269372_1.fastq.gz;ftp.sra.ebi.ac.uk/vol1/fastq/SRR222/072/SRR22269372/SRR22269372_2.fastq.gz		KCLB18MES0363.recal.bam	Human sample from Homo sapiens	
SRR22272499	PRJNA896722	SAMN31563415	SRX18248603	9606	Homo sapiens	Illumina HiSeq 2500	LID_7	WXS	GENOMIC	70928116	ftp.sra.ebi.ac.uk/vol1/fastq/SRR222/099/SRR22272499/SRR22272499_1.fastq.gz;ftp.sra.ebi.ac.uk/vol1/fastq/SRR222/099/SRR22272499/SRR22272499_2.fastq.gz		KCLB18MES0284_1.fastq.gz	Human sample from Homo sapiens	
SRR22269373	PRJNA896722	SAMN31703574	SRX18245507	9606	Homo sapiens	Illumina HiSeq 2500	LID_28	WXS	GENOMIC	47980740	ftp.sra.ebi.ac.uk/vol1/fastq/SRR222/073/SRR22269373/SRR22269373.fastq.gz;ftp.sra.ebi.ac.uk/vol1/fastq/SRR222/073/SRR22269373/SRR22269373_1.fastq.gz;ftp.sra.ebi.ac.uk/vol1/fastq/SRR222/073/SRR22269373/SRR22269373_2.fastq.gz		KCLB18MES0362.recal.bam	Human sample from Homo sapiens	
SRR22272503	PRJNA896722	SAMN31563461	SRX18248599	9606	Homo sapiens	Illumina HiSeq 2500	LID_53	WXS	GENOMIC	46138086	ftp.sra.ebi.ac.uk/vol1/fastq/SRR222/003/SRR22272503/SRR22272503_1.fastq.gz;ftp.sra.ebi.ac.uk/vol1/fastq/SRR222/003/SRR22272503/SRR22272503_2.fastq.gz		KCLB18MES0307_1.fastq.gz	Human sample from Homo sapiens	
SRR22272504	PRJNA896722	SAMN31563459	SRX18248598	9606	Homo sapiens	Illumina HiSeq 2500	LID_51	WXS	GENOMIC	33395338	ftp.sra.ebi.ac.uk/vol1/fastq/SRR222/004/SRR22272504/SRR22272504_1.fastq.gz;ftp.sra.ebi.ac.uk/vol1/fastq/SRR222/004/SRR22272504/SRR22272504_2.fastq.gz		KCLB18MES0306_1.fastq.gz	Human sample from Homo sapiens	
SRR22269374	PRJNA896722	SAMN31703573	SRX18245506	9606	Homo sapiens	Illumina HiSeq 2500	LID_27	WXS	GENOMIC	32228919	ftp.sra.ebi.ac.uk/vol1/fastq/SRR222/074/SRR22269374/SRR22269374.fastq.gz;ftp.sra.ebi.ac.uk/vol1/fastq/SRR222/074/SRR22269374/SRR22269374_1.fastq.gz;ftp.sra.ebi.ac.uk/vol1/fastq/SRR222/074/SRR22269374/SRR22269374_2.fastq.gz		KCLB18MES0307.recal.bam	Human sample from Homo sapiens	
SRR22272507	PRJNA896722	SAMN31563453	SRX18248595	9606	Homo sapiens	Illumina HiSeq 2500	LID_45	WXS	GENOMIC	39668447	ftp.sra.ebi.ac.uk/vol1/fastq/SRR222/007/SRR22272507/SRR22272507_1.fastq.gz;ftp.sra.ebi.ac.uk/vol1/fastq/SRR222/007/SRR22272507/SRR22272507_2.fastq.gz		KCLB18MES0303_1.fastq.gz	Human sample from Homo sapiens	
SRR22269375	PRJNA896722	SAMN31703572	SRX18245505	9606	Homo sapiens	Illumina HiSeq 2500	LID_26	WXS	GENOMIC	23998250	ftp.sra.ebi.ac.uk/vol1/fastq/SRR222/075/SRR22269375/SRR22269375.fastq.gz;ftp.sra.ebi.ac.uk/vol1/fastq/SRR222/075/SRR22269375/SRR22269375_1.fastq.gz;ftp.sra.ebi.ac.uk/vol1/fastq/SRR222/075/SRR22269375/SRR22269375_2.fastq.gz		KCLB18MES0306.recal.bam	Human sample from Homo sapiens	
SRR22272510	PRJNA896722	SAMN31563413	SRX18248592	9606	Homo sapiens	Illumina HiSeq 2500	LID_5	WXS	GENOMIC	35228049	ftp.sra.ebi.ac.uk/vol1/fastq/SRR222/010/SRR22272510/SRR22272510_1.fastq.gz;ftp.sra.ebi.ac.uk/vol1/fastq/SRR222/010/SRR22272510/SRR22272510_2.fastq.gz		KCLB18MES0283_1.fastq.gz	Human sample from Homo sapiens	
SRR22269380	PRJNA896722	SAMN31703567	SRX18245500	9606	Homo sapiens	Illumina HiSeq 2500	LID_21	WXS	GENOMIC	24943632	ftp.sra.ebi.ac.uk/vol1/fastq/SRR222/080/SRR22269380/SRR22269380.fastq.gz;ftp.sra.ebi.ac.uk/vol1/fastq/SRR222/080/SRR22269380/SRR22269380_1.fastq.gz;ftp.sra.ebi.ac.uk/vol1/fastq/SRR222/080/SRR22269380/SRR22269380_2.fastq.gz		KCLB18MES0301.recal.bam	Human sample from Homo sapiens	
SRR22272511	PRJNA896722	SAMN31563427	SRX18248591	9606	Homo sapiens	Illumina HiSeq 2500	LID_19	WXS	GENOMIC	72371852	ftp.sra.ebi.ac.uk/vol1/fastq/SRR222/011/SRR22272511/SRR22272511_1.fastq.gz;ftp.sra.ebi.ac.uk/vol1/fastq/SRR222/011/SRR22272511/SRR22272511_2.fastq.gz		KCLB18MES0290_1.fastq.gz	Human sample from Homo sapiens	
SRR22269381	PRJNA896722	SAMN31703549	SRX18245499	9606	Homo sapiens	Illumina HiSeq 2500	LID_3	WXS	GENOMIC	26942031	ftp.sra.ebi.ac.uk/vol1/fastq/SRR222/081/SRR22269381/SRR22269381.fastq.gz;ftp.sra.ebi.ac.uk/vol1/fastq/SRR222/081/SRR22269381/SRR22269381_1.fastq.gz;ftp.sra.ebi.ac.uk/vol1/fastq/SRR222/081/SRR22269381/SRR22269381_2.fastq.gz		KCLB18MES0283.recal.bam	Human sample from Homo sapiens	
SRR22272512	PRJNA896722	SAMN31563425	SRX18248590	9606	Homo sapiens	Illumina HiSeq 2500	LID_17	WXS	GENOMIC	29704062	ftp.sra.ebi.ac.uk/vol1/fastq/SRR222/012/SRR22272512/SRR22272512_1.fastq.gz;ftp.sra.ebi.ac.uk/vol1/fastq/SRR222/012/SRR22272512/SRR22272512_2.fastq.gz		KCLB18MES0289_1.fastq.gz	Human sample from Homo sapiens	
SRR22269385	PRJNA896722	SAMN31703563	SRX18245495	9606	Homo sapiens	Illumina HiSeq 2500	LID_17	WXS	GENOMIC	25362769	ftp.sra.ebi.ac.uk/vol1/fastq/SRR222/085/SRR22269385/SRR22269385.fastq.gz;ftp.sra.ebi.ac.uk/vol1/fastq/SRR222/085/SRR22269385/SRR22269385_1.fastq.gz;ftp.sra.ebi.ac.uk/vol1/fastq/SRR222/085/SRR22269385/SRR22269385_2.fastq.gz		KCLB18MES0297.recal.bam	Human sample from Homo sapiens	
SRR22272513	PRJNA896722	SAMN31563443	SRX18248589	9606	Homo sapiens	Illumina HiSeq 2500	LID_35	WXS	GENOMIC	36109270	ftp.sra.ebi.ac.uk/vol1/fastq/SRR222/013/SRR22272513/SRR22272513_1.fastq.gz;ftp.sra.ebi.ac.uk/vol1/fastq/SRR222/013/SRR22272513/SRR22272513_2.fastq.gz		KCLB18MES0298_1.fastq.gz	Human sample from Homo sapiens	
SRR22272514	PRJNA896722	SAMN31563441	SRX18248588	9606	Homo sapiens	Illumina HiSeq 2500	LID_33	WXS	GENOMIC	35615988	ftp.sra.ebi.ac.uk/vol1/fastq/SRR222/014/SRR22272514/SRR22272514_1.fastq.gz;ftp.sra.ebi.ac.uk/vol1/fastq/SRR222/014/SRR22272514/SRR22272514_2.fastq.gz		KCLB18MES0297_1.fastq.gz	Human sample from Homo sapiens	
SRR22269386	PRJNA896722	SAMN31703562	SRX18245494	9606	Homo sapiens	Illumina HiSeq 2500	LID_16	WXS	GENOMIC	48865801	ftp.sra.ebi.ac.uk/vol1/fastq/SRR222/086/SRR22269386/SRR22269386.fastq.gz;ftp.sra.ebi.ac.uk/vol1/fastq/SRR222/086/SRR22269386/SRR22269386_1.fastq.gz;ftp.sra.ebi.ac.uk/vol1/fastq/SRR222/086/SRR22269386/SRR22269386_2.fastq.gz		KCLB18MES0296.recal.bam	Human sample from Homo sapiens	
SRR22272515	PRJNA896722	SAMN31563439	SRX18248587	9606	Homo sapiens	Illumina HiSeq 2500	LID_31	WXS	GENOMIC	67195420	ftp.sra.ebi.ac.uk/vol1/fastq/SRR222/015/SRR22272515/SRR22272515_1.fastq.gz;ftp.sra.ebi.ac.uk/vol1/fastq/SRR222/015/SRR22272515/SRR22272515_2.fastq.gz		KCLB18MES0296_1.fastq.gz	Human sample from Homo sapiens	
SRR22269388	PRJNA896722	SAMN31703560	SRX18245492	9606	Homo sapiens	Illumina HiSeq 2500	LID_14	WXS	GENOMIC	23092980	ftp.sra.ebi.ac.uk/vol1/fastq/SRR222/088/SRR22269388/SRR22269388.fastq.gz;ftp.sra.ebi.ac.uk/vol1/fastq/SRR222/088/SRR22269388/SRR22269388_1.fastq.gz;ftp.sra.ebi.ac.uk/vol1/fastq/SRR222/088/SRR22269388/SRR22269388_2.fastq.gz		KCLB18MES0294.recal.bam	Human sample from Homo sapiens	
SRR22272519	PRJNA896722	SAMN31563431	SRX18248583	9606	Homo sapiens	Illumina HiSeq 2500	LID_23	WXS	GENOMIC	36575146	ftp.sra.ebi.ac.uk/vol1/fastq/SRR222/019/SRR22272519/SRR22272519_1.fastq.gz;ftp.sra.ebi.ac.uk/vol1/fastq/SRR222/019/SRR22272519/SRR22272519_2.fastq.gz		KCLB18MES0292_1.fastq.gz	Human sample from Homo sapiens	
SRR22269390	PRJNA896722	SAMN31703558	SRX18245490	9606	Homo sapiens	Illumina HiSeq 2500	LID_12	WXS	GENOMIC	54731636	ftp.sra.ebi.ac.uk/vol1/fastq/SRR222/090/SRR22269390/SRR22269390.fastq.gz;ftp.sra.ebi.ac.uk/vol1/fastq/SRR222/090/SRR22269390/SRR22269390_1.fastq.gz;ftp.sra.ebi.ac.uk/vol1/fastq/SRR222/090/SRR22269390/SRR22269390_2.fastq.gz	ftp.sra.ebi.ac.uk/vol1/run/SRR222/SRR22269390/KCLB18MES0292.recal.bam.1;ftp.sra.ebi.ac.uk/vol1/run/SRR222/SRR22269390/KCLB18MES0292.recal.bam.1.bai	KCLB18MES0292.recal.bam	Human sample from Homo sapiens	
SRR22272522	PRJNA896722	SAMN31563547	SRX18248580	9606	Homo sapiens	Illumina HiSeq 2500	LID_139	WXS	GENOMIC	50121898	ftp.sra.ebi.ac.uk/vol1/fastq/SRR222/022/SRR22272522/SRR22272522_1.fastq.gz;ftp.sra.ebi.ac.uk/vol1/fastq/SRR222/022/SRR22272522/SRR22272522_2.fastq.gz		KCLB19MES0590_1.fastq.gz	Human sample from Homo sapiens	
SRR22269393	PRJNA896722	SAMN31703547	SRX18245487	9606	Homo sapiens	Illumina HiSeq 2500	LID_1	WXS	GENOMIC	49243691	ftp.sra.ebi.ac.uk/vol1/fastq/SRR222/093/SRR22269393/SRR22269393.fastq.gz;ftp.sra.ebi.ac.uk/vol1/fastq/SRR222/093/SRR22269393/SRR22269393_1.fastq.gz;ftp.sra.ebi.ac.uk/vol1/fastq/SRR222/093/SRR22269393/SRR22269393_2.fastq.gz		KCLB18MES0281.recal.bam	Human sample from Homo sapiens	
SRR22272534	PRJNA896722	SAMN31563541	SRX18248568	9606	Homo sapiens	Illumina HiSeq 2500	LID_133	WXS	GENOMIC	50586810	ftp.sra.ebi.ac.uk/vol1/fastq/SRR222/034/SRR22272534/SRR22272534_1.fastq.gz;ftp.sra.ebi.ac.uk/vol1/fastq/SRR222/034/SRR22272534/SRR22272534_2.fastq.gz		KCLB19MES0587_1.fastq.gz	Human sample from Homo sapiens	
SRR22272479	PRJNA896722	SAMN31563483	SRX18248623	9606	Homo sapiens	Illumina HiSeq 2500	LID_75	WXS	GENOMIC	30539303	ftp.sra.ebi.ac.uk/vol1/fastq/SRR222/079/SRR22272479/SRR22272479_1.fastq.gz;ftp.sra.ebi.ac.uk/vol1/fastq/SRR222/079/SRR22272479/SRR22272479_2.fastq.gz		KCLB18MES0372_1.fastq.gz	Human sample from Homo sapiens	
SRR22272535	PRJNA896722	SAMN31563539	SRX18248567	9606	Homo sapiens	Illumina HiSeq 2500	LID_131	WXS	GENOMIC	50677285	ftp.sra.ebi.ac.uk/vol1/fastq/SRR222/035/SRR22272535/SRR22272535_1.fastq.gz;ftp.sra.ebi.ac.uk/vol1/fastq/SRR222/035/SRR22272535/SRR22272535_2.fastq.gz		KCLB19MES0586_1.fastq.gz	Human sample from Homo sapiens	
SRR22272480	PRJNA896722	SAMN31563501	SRX18248622	9606	Homo sapiens	Illumina HiSeq 2500	LID_93	WXS	GENOMIC	31411186	ftp.sra.ebi.ac.uk/vol1/fastq/SRR222/080/SRR22272480/SRR22272480_1.fastq.gz;ftp.sra.ebi.ac.uk/vol1/fastq/SRR222/080/SRR22272480/SRR22272480_2.fastq.gz		KCLB18MES0381_1.fastq.gz	Human sample from Homo sapiens	
SRR22272537	PRJNA896722	SAMN31563527	SRX18248565	9606	Homo sapiens	Illumina HiSeq 2500	LID_119	WXS	GENOMIC	50250593	ftp.sra.ebi.ac.uk/vol1/fastq/SRR222/037/SRR22272537/SRR22272537_1.fastq.gz;ftp.sra.ebi.ac.uk/vol1/fastq/SRR222/037/SRR22272537/SRR22272537_2.fastq.gz		KCLB19MES0578_1.fastq.gz	Human sample from Homo sapiens	
SRR22272490	PRJNA896722	SAMN31563465	SRX18248612	9606	Homo sapiens	Illumina HiSeq 2500	LID_57	WXS	GENOMIC	33780720	ftp.sra.ebi.ac.uk/vol1/fastq/SRR222/090/SRR22272490/SRR22272490_1.fastq.gz;ftp.sra.ebi.ac.uk/vol1/fastq/SRR222/090/SRR22272490/SRR22272490_2.fastq.gz		KCLB18MES0363_1.fastq.gz	Human sample from Homo sapiens	
SRR22272538	PRJNA896722	SAMN31563421	SRX18248564	9606	Homo sapiens	Illumina HiSeq 2500	LID_13	WXS	GENOMIC	77028217	ftp.sra.ebi.ac.uk/vol1/fastq/SRR222/038/SRR22272538/SRR22272538_1.fastq.gz;ftp.sra.ebi.ac.uk/vol1/fastq/SRR222/038/SRR22272538/SRR22272538_2.fastq.gz		KCLB18MES0287_1.fastq.gz	Human sample from Homo sapiens	
SRR22272492	PRJNA896722	SAMN31563481	SRX18248610	9606	Homo sapiens	Illumina HiSeq 2500	LID_73	WXS	GENOMIC	64620751	ftp.sra.ebi.ac.uk/vol1/fastq/SRR222/092/SRR22272492/SRR22272492_1.fastq.gz;ftp.sra.ebi.ac.uk/vol1/fastq/SRR222/092/SRR22272492/SRR22272492_2.fastq.gz		KCLB18MES0371_1.fastq.gz	Human sample from Homo sapiens	
SRR22272540	PRJNA896722	SAMN31563531	SRX18248562	9606	Homo sapiens	Illumina HiSeq 2500	LID_123	WXS	GENOMIC	52048317	ftp.sra.ebi.ac.uk/vol1/fastq/SRR222/040/SRR22272540/SRR22272540_1.fastq.gz;ftp.sra.ebi.ac.uk/vol1/fastq/SRR222/040/SRR22272540/SRR22272540_2.fastq.gz		KCLB19MES0580_1.fastq.gz	Human sample from Homo sapiens	
SRR22272496	PRJNA896722	SAMN31563473	SRX18248606	9606	Homo sapiens	Illumina HiSeq 2500	LID_65	WXS	GENOMIC	30226921	ftp.sra.ebi.ac.uk/vol1/fastq/SRR222/096/SRR22272496/SRR22272496_1.fastq.gz;ftp.sra.ebi.ac.uk/vol1/fastq/SRR222/096/SRR22272496/SRR22272496_2.fastq.gz		KCLB18MES0367_1.fastq.gz	Human sample from Homo sapiens	
SRR22272545	PRJNA896722	SAMN31563517	SRX18248558	9606	Homo sapiens	Illumina HiSeq 2500	LID_109	WXS	GENOMIC	115432337	ftp.sra.ebi.ac.uk/vol1/fastq/SRR222/045/SRR22272545/SRR22272545_1.fastq.gz;ftp.sra.ebi.ac.uk/vol1/fastq/SRR222/045/SRR22272545/SRR22272545_2.fastq.gz		KCLB19MES0573_1.fastq.gz	Human sample from Homo sapiens	
SRR22272497	PRJNA896722	SAMN31563471	SRX18248605	9606	Homo sapiens	Illumina HiSeq 2500	LID_63	WXS	GENOMIC	37291070	ftp.sra.ebi.ac.uk/vol1/fastq/SRR222/097/SRR22272497/SRR22272497_1.fastq.gz;ftp.sra.ebi.ac.uk/vol1/fastq/SRR222/097/SRR22272497/SRR22272497_2.fastq.gz		KCLB18MES0366_1.fastq.gz	Human sample from Homo sapiens	
SRR22272548	PRJNA896722	SAMN31563513	SRX18248554	9606	Homo sapiens	Illumina HiSeq 2500	LID_105	WXS	GENOMIC	89338849	ftp.sra.ebi.ac.uk/vol1/fastq/SRR222/048/SRR22272548/SRR22272548_1.fastq.gz;ftp.sra.ebi.ac.uk/vol1/fastq/SRR222/048/SRR22272548/SRR22272548_2.fastq.gz		KCLB19MES0570_1.fastq.gz	Human sample from Homo sapiens	
SRR22272502	PRJNA896722	SAMN31563445	SRX18248600	9606	Homo sapiens	Illumina HiSeq 2500	LID_37	WXS	GENOMIC	65522278	ftp.sra.ebi.ac.uk/vol1/fastq/SRR222/002/SRR22272502/SRR22272502_1.fastq.gz;ftp.sra.ebi.ac.uk/vol1/fastq/SRR222/002/SRR22272502/SRR22272502_2.fastq.gz		KCLB18MES0299_1.fastq.gz	Human sample from Homo sapiens	
SRR22272549	PRJNA896722	SAMN31563515	SRX18248553	9606	Homo sapiens	Illumina HiSeq 2500	LID_107	WXS	GENOMIC	95293024	ftp.sra.ebi.ac.uk/vol1/fastq/SRR222/049/SRR22272549/SRR22272549_1.fastq.gz;ftp.sra.ebi.ac.uk/vol1/fastq/SRR222/049/SRR22272549/SRR22272549_2.fastq.gz		KCLB19MES0571_1.fastq.gz	Human sample from Homo sapiens	
SRR22272505	PRJNA896722	SAMN31563457	SRX18248597	9606	Homo sapiens	Illumina HiSeq 2500	LID_49	WXS	GENOMIC	72162573	ftp.sra.ebi.ac.uk/vol1/fastq/SRR222/005/SRR22272505/SRR22272505_1.fastq.gz;ftp.sra.ebi.ac.uk/vol1/fastq/SRR222/005/SRR22272505/SRR22272505_2.fastq.gz		KCLB18MES0305_1.fastq.gz	Human sample from Homo sapiens	
SRR22272550	PRJNA896722	SAMN31563511	SRX18248552	9606	Homo sapiens	Illumina HiSeq 2500	LID_103	WXS	GENOMIC	80887010	ftp.sra.ebi.ac.uk/vol1/fastq/SRR222/050/SRR22272550/SRR22272550_1.fastq.gz;ftp.sra.ebi.ac.uk/vol1/fastq/SRR222/050/SRR22272550/SRR22272550_2.fastq.gz		KCLB19MES0568_1.fastq.gz	Human sample from Homo sapiens	
SRR22272516	PRJNA896722	SAMN31563437	SRX18248586	9606	Homo sapiens	Illumina HiSeq 2500	LID_29	WXS	GENOMIC	31396505	ftp.sra.ebi.ac.uk/vol1/fastq/SRR222/016/SRR22272516/SRR22272516_1.fastq.gz;ftp.sra.ebi.ac.uk/vol1/fastq/SRR222/016/SRR22272516/SRR22272516_2.fastq.gz		KCLB18MES0295_1.fastq.gz	Human sample from Homo sapiens	
SRR22272551	PRJNA896722	SAMN31563509	SRX18248551	9606	Homo sapiens	Illumina HiSeq 2500	LID_101	WXS	GENOMIC	87728469	ftp.sra.ebi.ac.uk/vol1/fastq/SRR222/051/SRR22272551/SRR22272551_1.fastq.gz;ftp.sra.ebi.ac.uk/vol1/fastq/SRR222/051/SRR22272551/SRR22272551_2.fastq.gz		KCLB19MES0567_1.fastq.gz	Human sample from Homo sapiens	
SRR22272518	PRJNA896722	SAMN31563433	SRX18248584	9606	Homo sapiens	Illumina HiSeq 2500	LID_25	WXS	GENOMIC	76169625	ftp.sra.ebi.ac.uk/vol1/fastq/SRR222/018/SRR22272518/SRR22272518_1.fastq.gz;ftp.sra.ebi.ac.uk/vol1/fastq/SRR222/018/SRR22272518/SRR22272518_2.fastq.gz		KCLB18MES0293_1.fastq.gz	Human sample from Homo sapiens	
SRR22272552	PRJNA896722	SAMN31563419	SRX18248550	9606	Homo sapiens	Illumina HiSeq 2500	LID_11	WXS	GENOMIC	33796602	ftp.sra.ebi.ac.uk/vol1/fastq/SRR222/052/SRR22272552/SRR22272552_1.fastq.gz;ftp.sra.ebi.ac.uk/vol1/fastq/SRR222/052/SRR22272552/SRR22272552_2.fastq.gz		KCLB18MES0286_1.fastq.gz	Human sample from Homo sapiens	
SRR22272521	PRJNA896722	SAMN31563411	SRX18248581	9606	Homo sapiens	Illumina HiSeq 2500	LID_3	WXS	GENOMIC	33977317	ftp.sra.ebi.ac.uk/vol1/fastq/SRR222/021/SRR22272521/SRR22272521_1.fastq.gz;ftp.sra.ebi.ac.uk/vol1/fastq/SRR222/021/SRR22272521/SRR22272521_2.fastq.gz		KCLB18MES0282_1.fastq.gz	Human sample from Homo sapiens	
SRR22272523	PRJNA896722	SAMN31563545	SRX18248579	9606	Homo sapiens	Illumina HiSeq 2500	LID_137	WXS	GENOMIC	48704546	ftp.sra.ebi.ac.uk/vol1/fastq/SRR222/023/SRR22272523/SRR22272523_1.fastq.gz;ftp.sra.ebi.ac.uk/vol1/fastq/SRR222/023/SRR22272523/SRR22272523_2.fastq.gz		KCLB19MES0589_1.fastq.gz	Human sample from Homo sapiens	
SRR22272524	PRJNA896722	SAMN31563563	SRX18248578	9606	Homo sapiens	Illumina HiSeq 2500	LID_155	WXS	GENOMIC	57867901	ftp.sra.ebi.ac.uk/vol1/fastq/SRR222/024/SRR22272524/SRR22272524_1.fastq.gz;ftp.sra.ebi.ac.uk/vol1/fastq/SRR222/024/SRR22272524/SRR22272524_2.fastq.gz		KCLB19MES0612_1.fastq.gz	Human sample from Homo sapiens	
SRR22272526	PRJNA896722	SAMN31563559	SRX18248576	9606	Homo sapiens	Illumina HiSeq 2500	LID_151	WXS	GENOMIC	40246705	ftp.sra.ebi.ac.uk/vol1/fastq/SRR222/026/SRR22272526/SRR22272526_1.fastq.gz;ftp.sra.ebi.ac.uk/vol1/fastq/SRR222/026/SRR22272526/SRR22272526_2.fastq.gz		KCLB19MES0610_1.fastq.gz	Human sample from Homo sapiens	
SRR22272527	PRJNA896722	SAMN31563557	SRX18248575	9606	Homo sapiens	Illumina HiSeq 2500	LID_149	WXS	GENOMIC	52874523	ftp.sra.ebi.ac.uk/vol1/fastq/SRR222/027/SRR22272527/SRR22272527_1.fastq.gz;ftp.sra.ebi.ac.uk/vol1/fastq/SRR222/027/SRR22272527/SRR22272527_2.fastq.gz		KCLB19MES0595_1.fastq.gz	Human sample from Homo sapiens	
SRR22272530	PRJNA896722	SAMN31563551	SRX18248572	9606	Homo sapiens	Illumina HiSeq 2500	LID_143	WXS	GENOMIC	49562338	ftp.sra.ebi.ac.uk/vol1/fastq/SRR222/030/SRR22272530/SRR22272530_1.fastq.gz;ftp.sra.ebi.ac.uk/vol1/fastq/SRR222/030/SRR22272530/SRR22272530_2.fastq.gz		KCLB19MES0592_1.fastq.gz	Human sample from Homo sapiens	
SRR22272531	PRJNA896722	SAMN31563549	SRX18248571	9606	Homo sapiens	Illumina HiSeq 2500	LID_141	WXS	GENOMIC	54507267	ftp.sra.ebi.ac.uk/vol1/fastq/SRR222/031/SRR22272531/SRR22272531_1.fastq.gz;ftp.sra.ebi.ac.uk/vol1/fastq/SRR222/031/SRR22272531/SRR22272531_2.fastq.gz		KCLB19MES0591_1.fastq.gz	Human sample from Homo sapiens	
SRR22272532	PRJNA896722	SAMN31563423	SRX18248570	9606	Homo sapiens	Illumina HiSeq 2500	LID_15	WXS	GENOMIC	32165018	ftp.sra.ebi.ac.uk/vol1/fastq/SRR222/032/SRR22272532/SRR22272532_1.fastq.gz;ftp.sra.ebi.ac.uk/vol1/fastq/SRR222/032/SRR22272532/SRR22272532_2.fastq.gz		KCLB18MES0288_1.fastq.gz	Human sample from Homo sapiens	
SRR22272533	PRJNA896722	SAMN31563543	SRX18248569	9606	Homo sapiens	Illumina HiSeq 2500	LID_135	WXS	GENOMIC	52679584	ftp.sra.ebi.ac.uk/vol1/fastq/SRR222/033/SRR22272533/SRR22272533_1.fastq.gz;ftp.sra.ebi.ac.uk/vol1/fastq/SRR222/033/SRR22272533/SRR22272533_2.fastq.gz		KCLB19MES0588_1.fastq.gz	Human sample from Homo sapiens	
SRR22272543	PRJNA896722	SAMN31563521	SRX18248556	9606	Homo sapiens	Illumina HiSeq 2500	LID_113	WXS	GENOMIC	110746998	ftp.sra.ebi.ac.uk/vol1/fastq/SRR222/043/SRR22272543/SRR22272543_1.fastq.gz;ftp.sra.ebi.ac.uk/vol1/fastq/SRR222/043/SRR22272543/SRR22272543_2.fastq.gz		KCLB19MES0575_1.fastq.gz	Human sample from Homo sapiens	
SRR22272547	PRJNA896722	SAMN31563523	SRX18248555	9606	Homo sapiens	Illumina HiSeq 2500	LID_115	WXS	GENOMIC	86499730	ftp.sra.ebi.ac.uk/vol1/fastq/SRR222/047/SRR22272547/SRR22272547_1.fastq.gz;ftp.sra.ebi.ac.uk/vol1/fastq/SRR222/047/SRR22272547/SRR22272547_2.fastq.gz		KCLB19MES0576_1.fastq.gz	Human sample from Homo sapiens	
