sample_id	cell_line	kclb_number	sample_type	run	r1	r2
SNU-3978_tumor	SNU-3978	03978	tumor	SRR22272553	/work/class/bme282.2026/pub/PRJNA896722/total/SRR22272553_1.fastq.gz	/work/class/bme282.2026/pub/PRJNA896722/total/SRR22272553_2.fastq.gz
SNU-3978_blood	SNU-3978	03978	blood	SRR22272521	/work/class/bme282.2026/pub/PRJNA896722/total/SRR22272521_1.fastq.gz	/work/class/bme282.2026/pub/PRJNA896722/total/SRR22272521_2.fastq.gz
SNU-3978_cell_line	SNU-3978	03978	cell_line	SRR22272510	/work/class/bme282.2026/pub/PRJNA896722/total/SRR22272510_1.fastq.gz	/work/class/bme282.2026/pub/PRJNA896722/total/SRR22272510_2.fastq.gz
SNU-3980_tumor	SNU-3980	03980	tumor	SRR22272499	/work/class/bme282.2026/pub/PRJNA896722/total/SRR22272499_1.fastq.gz	/work/class/bme282.2026/pub/PRJNA896722/total/SRR22272499_2.fastq.gz
SNU-3980_blood	SNU-3980	03980	blood	SRR22272487	/work/class/bme282.2026/pub/PRJNA896722/total/SRR22272487_1.fastq.gz	/work/class/bme282.2026/pub/PRJNA896722/total/SRR22272487_2.fastq.gz
SNU-3980_cell_line	SNU-3980	03980	cell_line	SRR22272552	/work/class/bme282.2026/pub/PRJNA896722/total/SRR22272552_1.fastq.gz	/work/class/bme282.2026/pub/PRJNA896722/total/SRR22272552_2.fastq.gz
SNU-3987_tumor	SNU-3987	03987	tumor	SRR22272538	/work/class/bme282.2026/pub/PRJNA896722/total/SRR22272538_1.fastq.gz	/work/class/bme282.2026/pub/PRJNA896722/total/SRR22272538_2.fastq.gz
SNU-3987_blood	SNU-3987	03987	blood	SRR22272532	/work/class/bme282.2026/pub/PRJNA896722/total/SRR22272532_1.fastq.gz	/work/class/bme282.2026/pub/PRJNA896722/total/SRR22272532_2.fastq.gz
SNU-3987_cell_line	SNU-3987	03987	cell_line	SRR22272512	/work/class/bme282.2026/pub/PRJNA896722/total/SRR22272512_1.fastq.gz	/work/class/bme282.2026/pub/PRJNA896722/total/SRR22272512_2.fastq.gz
SNU-4026_tumor	SNU-4026	04026	tumor	SRR22272511	/work/class/bme282.2026/pub/PRJNA896722/total/SRR22272511_1.fastq.gz	/work/class/bme282.2026/pub/PRJNA896722/total/SRR22272511_2.fastq.gz
SNU-4026_blood	SNU-4026	04026	blood	SRR22272520	/work/class/bme282.2026/pub/PRJNA896722/total/SRR22272520_1.fastq.gz	/work/class/bme282.2026/pub/PRJNA896722/total/SRR22272520_2.fastq.gz
SNU-4026_cell_line	SNU-4026	04026	cell_line	SRR22272519	/work/class/bme282.2026/pub/PRJNA896722/total/SRR22272519_1.fastq.gz	/work/class/bme282.2026/pub/PRJNA896722/total/SRR22272519_2.fastq.gz
SNU-4054_tumor	SNU-4054	04054	tumor	SRR22272518	/work/class/bme282.2026/pub/PRJNA896722/total/SRR22272518_1.fastq.gz	/work/class/bme282.2026/pub/PRJNA896722/total/SRR22272518_2.fastq.gz
SNU-4054_blood	SNU-4054	04054	blood	SRR22272517	/work/class/bme282.2026/pub/PRJNA896722/total/SRR22272517_1.fastq.gz	/work/class/bme282.2026/pub/PRJNA896722/total/SRR22272517_2.fastq.gz
SNU-4054_cell_line	SNU-4054	04054	cell_line	SRR22272516	/work/class/bme282.2026/pub/PRJNA896722/total/SRR22272516_1.fastq.gz	/work/class/bme282.2026/pub/PRJNA896722/total/SRR22272516_2.fastq.gz
SNU-4071_tumor	SNU-4071	04071	tumor	SRR22272515	/work/class/bme282.2026/pub/PRJNA896722/total/SRR22272515_1.fastq.gz	/work/class/bme282.2026/pub/PRJNA896722/total/SRR22272515_2.fastq.gz
SNU-4071_blood	SNU-4071	04071	blood	SRR22272514	/work/class/bme282.2026/pub/PRJNA896722/total/SRR22272514_1.fastq.gz	/work/class/bme282.2026/pub/PRJNA896722/total/SRR22272514_2.fastq.gz
SNU-4071_cell_line	SNU-4071	04071	cell_line	SRR22272513	/work/class/bme282.2026/pub/PRJNA896722/total/SRR22272513_1.fastq.gz	/work/class/bme282.2026/pub/PRJNA896722/total/SRR22272513_2.fastq.gz
SNU-4072_tumor	SNU-4072	04072	tumor	SRR22272502	/work/class/bme282.2026/pub/PRJNA896722/total/SRR22272502_1.fastq.gz	/work/class/bme282.2026/pub/PRJNA896722/total/SRR22272502_2.fastq.gz
SNU-4072_blood	SNU-4072	04072	blood	SRR22272501	/work/class/bme282.2026/pub/PRJNA896722/total/SRR22272501_1.fastq.gz	/work/class/bme282.2026/pub/PRJNA896722/total/SRR22272501_2.fastq.gz
SNU-4072_cell_line	SNU-4072	04072	cell_line	SRR22272509	/work/class/bme282.2026/pub/PRJNA896722/total/SRR22272509_1.fastq.gz	/work/class/bme282.2026/pub/PRJNA896722/total/SRR22272509_2.fastq.gz
SNU-4098_tumor	SNU-4098	04098	tumor	SRR22272508	/work/class/bme282.2026/pub/PRJNA896722/total/SRR22272508_1.fastq.gz	/work/class/bme282.2026/pub/PRJNA896722/total/SRR22272508_2.fastq.gz
SNU-4098_blood	SNU-4098	04098	blood	SRR22272507	/work/class/bme282.2026/pub/PRJNA896722/total/SRR22272507_1.fastq.gz	/work/class/bme282.2026/pub/PRJNA896722/total/SRR22272507_2.fastq.gz
SNU-4098_cell_line	SNU-4098	04098	cell_line	SRR22272506	/work/class/bme282.2026/pub/PRJNA896722/total/SRR22272506_1.fastq.gz	/work/class/bme282.2026/pub/PRJNA896722/total/SRR22272506_2.fastq.gz
SNU-4116_tumor	SNU-4116	04116	tumor	SRR22272505	/work/class/bme282.2026/pub/PRJNA896722/total/SRR22272505_1.fastq.gz	/work/class/bme282.2026/pub/PRJNA896722/total/SRR22272505_2.fastq.gz
SNU-4116_blood	SNU-4116	04116	blood	SRR22272504	/work/class/bme282.2026/pub/PRJNA896722/total/SRR22272504_1.fastq.gz	/work/class/bme282.2026/pub/PRJNA896722/total/SRR22272504_2.fastq.gz
SNU-4116_cell_line	SNU-4116	04116	cell_line	SRR22272503	/work/class/bme282.2026/pub/PRJNA896722/total/SRR22272503_1.fastq.gz	/work/class/bme282.2026/pub/PRJNA896722/total/SRR22272503_2.fastq.gz
SNU-4137_tumor	SNU-4137	04137	tumor	SRR22272491	/work/class/bme282.2026/pub/PRJNA896722/total/SRR22272491_1.fastq.gz	/work/class/bme282.2026/pub/PRJNA896722/total/SRR22272491_2.fastq.gz
SNU-4137_blood	SNU-4137	04137	blood	SRR22272490	/work/class/bme282.2026/pub/PRJNA896722/total/SRR22272490_1.fastq.gz	/work/class/bme282.2026/pub/PRJNA896722/total/SRR22272490_2.fastq.gz
SNU-4137_cell_line	SNU-4137	04137	cell_line	SRR22272489	/work/class/bme282.2026/pub/PRJNA896722/total/SRR22272489_1.fastq.gz	/work/class/bme282.2026/pub/PRJNA896722/total/SRR22272489_2.fastq.gz
SNU-4138_tumor	SNU-4138	04138	tumor	SRR22272498	/work/class/bme282.2026/pub/PRJNA896722/total/SRR22272498_1.fastq.gz	/work/class/bme282.2026/pub/PRJNA896722/total/SRR22272498_2.fastq.gz
SNU-4138_blood	SNU-4138	04138	blood	SRR22272497	/work/class/bme282.2026/pub/PRJNA896722/total/SRR22272497_1.fastq.gz	/work/class/bme282.2026/pub/PRJNA896722/total/SRR22272497_2.fastq.gz
SNU-4138_cell_line	SNU-4138	04138	cell_line	SRR22272496	/work/class/bme282.2026/pub/PRJNA896722/total/SRR22272496_1.fastq.gz	/work/class/bme282.2026/pub/PRJNA896722/total/SRR22272496_2.fastq.gz
SNU-4177_tumor	SNU-4177	04177	tumor	SRR22272495	/work/class/bme282.2026/pub/PRJNA896722/total/SRR22272495_1.fastq.gz	/work/class/bme282.2026/pub/PRJNA896722/total/SRR22272495_2.fastq.gz
SNU-4177_blood	SNU-4177	04177	blood	SRR22272494	/work/class/bme282.2026/pub/PRJNA896722/total/SRR22272494_1.fastq.gz	/work/class/bme282.2026/pub/PRJNA896722/total/SRR22272494_2.fastq.gz
SNU-4177_cell_line	SNU-4177	04177	cell_line	SRR22272493	/work/class/bme282.2026/pub/PRJNA896722/total/SRR22272493_1.fastq.gz	/work/class/bme282.2026/pub/PRJNA896722/total/SRR22272493_2.fastq.gz
SNU-4210_tumor	SNU-4210	04210	tumor	SRR22272492	/work/class/bme282.2026/pub/PRJNA896722/total/SRR22272492_1.fastq.gz	/work/class/bme282.2026/pub/PRJNA896722/total/SRR22272492_2.fastq.gz
SNU-4210_blood	SNU-4210	04210	blood	SRR22272479	/work/class/bme282.2026/pub/PRJNA896722/total/SRR22272479_1.fastq.gz	/work/class/bme282.2026/pub/PRJNA896722/total/SRR22272479_2.fastq.gz
SNU-4210_cell_line	SNU-4210	04210	cell_line	SRR22272477	/work/class/bme282.2026/pub/PRJNA896722/total/SRR22272477_1.fastq.gz	/work/class/bme282.2026/pub/PRJNA896722/total/SRR22272477_2.fastq.gz
SNU-4254_tumor	SNU-4254	04254	tumor	SRR22272500	/work/class/bme282.2026/pub/PRJNA896722/total/SRR22272500_1.fastq.gz	/work/class/bme282.2026/pub/PRJNA896722/total/SRR22272500_2.fastq.gz
SNU-4254_blood	SNU-4254	04254	blood	SRR22272486	/work/class/bme282.2026/pub/PRJNA896722/total/SRR22272486_1.fastq.gz	/work/class/bme282.2026/pub/PRJNA896722/total/SRR22272486_2.fastq.gz
SNU-4254_cell_line	SNU-4254	04254	cell_line	SRR22272485	/work/class/bme282.2026/pub/PRJNA896722/total/SRR22272485_1.fastq.gz	/work/class/bme282.2026/pub/PRJNA896722/total/SRR22272485_2.fastq.gz
SNU-4312_tumor	SNU-4312	04312	tumor	SRR22272484	/work/class/bme282.2026/pub/PRJNA896722/total/SRR22272484_1.fastq.gz	/work/class/bme282.2026/pub/PRJNA896722/total/SRR22272484_2.fastq.gz
SNU-4312_blood	SNU-4312	04312	blood	SRR22272482	/work/class/bme282.2026/pub/PRJNA896722/total/SRR22272482_1.fastq.gz	/work/class/bme282.2026/pub/PRJNA896722/total/SRR22272482_2.fastq.gz
SNU-4312_cell_line	SNU-4312	04312	cell_line	SRR22272483	/work/class/bme282.2026/pub/PRJNA896722/total/SRR22272483_1.fastq.gz	/work/class/bme282.2026/pub/PRJNA896722/total/SRR22272483_2.fastq.gz
SNU-4327_tumor	SNU-4327	04327	tumor	SRR22272481	/work/class/bme282.2026/pub/PRJNA896722/total/SRR22272481_1.fastq.gz	/work/class/bme282.2026/pub/PRJNA896722/total/SRR22272481_2.fastq.gz
SNU-4327_blood	SNU-4327	04327	blood	SRR22272480	/work/class/bme282.2026/pub/PRJNA896722/total/SRR22272480_1.fastq.gz	/work/class/bme282.2026/pub/PRJNA896722/total/SRR22272480_2.fastq.gz
SNU-4327_cell_line	SNU-4327	04327	cell_line	SRR22272476	/work/class/bme282.2026/pub/PRJNA896722/total/SRR22272476_1.fastq.gz	/work/class/bme282.2026/pub/PRJNA896722/total/SRR22272476_2.fastq.gz
SNU-4484_tumor	SNU-4484	04484	tumor	SRR22272478	/work/class/bme282.2026/pub/PRJNA896722/total/SRR22272478_1.fastq.gz	/work/class/bme282.2026/pub/PRJNA896722/total/SRR22272478_2.fastq.gz
SNU-4484_blood	SNU-4484	04484	blood	SRR22272488	/work/class/bme282.2026/pub/PRJNA896722/total/SRR22272488_1.fastq.gz	/work/class/bme282.2026/pub/PRJNA896722/total/SRR22272488_2.fastq.gz
SNU-4484_cell_line	SNU-4484	04484	cell_line	SRR22272551	/work/class/bme282.2026/pub/PRJNA896722/total/SRR22272551_1.fastq.gz	/work/class/bme282.2026/pub/PRJNA896722/total/SRR22272551_2.fastq.gz
SNU-4514_tumor	SNU-4514	04514	tumor	SRR22272550	/work/class/bme282.2026/pub/PRJNA896722/total/SRR22272550_1.fastq.gz	/work/class/bme282.2026/pub/PRJNA896722/total/SRR22272550_2.fastq.gz
SNU-4514_blood	SNU-4514	04514	blood	SRR22272548	/work/class/bme282.2026/pub/PRJNA896722/total/SRR22272548_1.fastq.gz	/work/class/bme282.2026/pub/PRJNA896722/total/SRR22272548_2.fastq.gz
SNU-4514_cell_line	SNU-4514	04514	cell_line	SRR22272549	/work/class/bme282.2026/pub/PRJNA896722/total/SRR22272549_1.fastq.gz	/work/class/bme282.2026/pub/PRJNA896722/total/SRR22272549_2.fastq.gz
SNU-4546_tumor	SNU-4546	04546	tumor	SRR22272545	/work/class/bme282.2026/pub/PRJNA896722/total/SRR22272545_1.fastq.gz	/work/class/bme282.2026/pub/PRJNA896722/total/SRR22272545_2.fastq.gz
SNU-4546_blood	SNU-4546	04546	blood	SRR22272546	/work/class/bme282.2026/pub/PRJNA896722/total/SRR22272546_1.fastq.gz	/work/class/bme282.2026/pub/PRJNA896722/total/SRR22272546_2.fastq.gz
SNU-4546_cell_line	SNU-4546	04546	cell_line	SRR22272543	/work/class/bme282.2026/pub/PRJNA896722/total/SRR22272543_1.fastq.gz	/work/class/bme282.2026/pub/PRJNA896722/total/SRR22272543_2.fastq.gz
SNU-4638_tumor	SNU-4638	04638	tumor	SRR22272547	/work/class/bme282.2026/pub/PRJNA896722/total/SRR22272547_1.fastq.gz	/work/class/bme282.2026/pub/PRJNA896722/total/SRR22272547_2.fastq.gz
SNU-4638_blood	SNU-4638	04638	blood	SRR22272536	/work/class/bme282.2026/pub/PRJNA896722/total/SRR22272536_1.fastq.gz	/work/class/bme282.2026/pub/PRJNA896722/total/SRR22272536_2.fastq.gz
SNU-4638_cell_line	SNU-4638	04638	cell_line	SRR22272537	/work/class/bme282.2026/pub/PRJNA896722/total/SRR22272537_1.fastq.gz	/work/class/bme282.2026/pub/PRJNA896722/total/SRR22272537_2.fastq.gz
SNU-4689_tumor	SNU-4689	04689	tumor	SRR22272539	/work/class/bme282.2026/pub/PRJNA896722/total/SRR22272539_1.fastq.gz	/work/class/bme282.2026/pub/PRJNA896722/total/SRR22272539_2.fastq.gz
SNU-4689_blood	SNU-4689	04689	blood	SRR22272540	/work/class/bme282.2026/pub/PRJNA896722/total/SRR22272540_1.fastq.gz	/work/class/bme282.2026/pub/PRJNA896722/total/SRR22272540_2.fastq.gz
SNU-4689_cell_line	SNU-4689	04689	cell_line	SRR22272541	/work/class/bme282.2026/pub/PRJNA896722/total/SRR22272541_1.fastq.gz	/work/class/bme282.2026/pub/PRJNA896722/total/SRR22272541_2.fastq.gz
SNU-4702_tumor	SNU-4702	04702	tumor	SRR22272542	/work/class/bme282.2026/pub/PRJNA896722/total/SRR22272542_1.fastq.gz	/work/class/bme282.2026/pub/PRJNA896722/total/SRR22272542_2.fastq.gz
SNU-4702_blood	SNU-4702	04702	blood	SRR22272544	/work/class/bme282.2026/pub/PRJNA896722/total/SRR22272544_1.fastq.gz	/work/class/bme282.2026/pub/PRJNA896722/total/SRR22272544_2.fastq.gz
SNU-4702_cell_line	SNU-4702	04702	cell_line	SRR22272535	/work/class/bme282.2026/pub/PRJNA896722/total/SRR22272535_1.fastq.gz	/work/class/bme282.2026/pub/PRJNA896722/total/SRR22272535_2.fastq.gz
SNU-4954_tumor	SNU-4954	04954	tumor	SRR22272534	/work/class/bme282.2026/pub/PRJNA896722/total/SRR22272534_1.fastq.gz	/work/class/bme282.2026/pub/PRJNA896722/total/SRR22272534_2.fastq.gz
SNU-4954_blood	SNU-4954	04954	blood	SRR22272533	/work/class/bme282.2026/pub/PRJNA896722/total/SRR22272533_1.fastq.gz	/work/class/bme282.2026/pub/PRJNA896722/total/SRR22272533_2.fastq.gz
SNU-4954_cell_line	SNU-4954	04954	cell_line	SRR22272523	/work/class/bme282.2026/pub/PRJNA896722/total/SRR22272523_1.fastq.gz	/work/class/bme282.2026/pub/PRJNA896722/total/SRR22272523_2.fastq.gz
SNU-4982_tumor	SNU-4982	04982	tumor	SRR22272522	/work/class/bme282.2026/pub/PRJNA896722/total/SRR22272522_1.fastq.gz	/work/class/bme282.2026/pub/PRJNA896722/total/SRR22272522_2.fastq.gz
SNU-4982_blood	SNU-4982	04982	blood	SRR22272531	/work/class/bme282.2026/pub/PRJNA896722/total/SRR22272531_1.fastq.gz	/work/class/bme282.2026/pub/PRJNA896722/total/SRR22272531_2.fastq.gz
SNU-4982_cell_line	SNU-4982	04982	cell_line	SRR22272530	/work/class/bme282.2026/pub/PRJNA896722/total/SRR22272530_1.fastq.gz	/work/class/bme282.2026/pub/PRJNA896722/total/SRR22272530_2.fastq.gz
SNU-5026_tumor	SNU-5026	05026	tumor	SRR22272529	/work/class/bme282.2026/pub/PRJNA896722/total/SRR22272529_1.fastq.gz	/work/class/bme282.2026/pub/PRJNA896722/total/SRR22272529_2.fastq.gz
SNU-5026_blood	SNU-5026	05026	blood	SRR22272528	/work/class/bme282.2026/pub/PRJNA896722/total/SRR22272528_1.fastq.gz	/work/class/bme282.2026/pub/PRJNA896722/total/SRR22272528_2.fastq.gz
SNU-5026_cell_line	SNU-5026	05026	cell_line	SRR22272527	/work/class/bme282.2026/pub/PRJNA896722/total/SRR22272527_1.fastq.gz	/work/class/bme282.2026/pub/PRJNA896722/total/SRR22272527_2.fastq.gz
SNU-5262_tumor	SNU-5262	05262	tumor	SRR22272526	/work/class/bme282.2026/pub/PRJNA896722/total/SRR22272526_1.fastq.gz	/work/class/bme282.2026/pub/PRJNA896722/total/SRR22272526_2.fastq.gz
SNU-5262_blood	SNU-5262	05262	blood	SRR22272525	/work/class/bme282.2026/pub/PRJNA896722/total/SRR22272525_1.fastq.gz	/work/class/bme282.2026/pub/PRJNA896722/total/SRR22272525_2.fastq.gz
SNU-5262_cell_line	SNU-5262	05262	cell_line	SRR22272524	/work/class/bme282.2026/pub/PRJNA896722/total/SRR22272524_1.fastq.gz	/work/class/bme282.2026/pub/PRJNA896722/total/SRR22272524_2.fastq.gz
